-- MySQL dump 10.13  Distrib 5.5.23, for Linux (x86_64)
--
-- Host: localhost    Database: amazonEngine
-- ------------------------------------------------------
-- Server version	5.5.23-log

/*!40101 SET @OLD_CHARACTER_SET_CLIENT=@@CHARACTER_SET_CLIENT */;
/*!40101 SET @OLD_CHARACTER_SET_RESULTS=@@CHARACTER_SET_RESULTS */;
/*!40101 SET @OLD_COLLATION_CONNECTION=@@COLLATION_CONNECTION */;
/*!40101 SET NAMES utf8 */;
/*!40103 SET @OLD_TIME_ZONE=@@TIME_ZONE */;
/*!40103 SET TIME_ZONE='+00:00' */;
/*!40014 SET @OLD_UNIQUE_CHECKS=@@UNIQUE_CHECKS, UNIQUE_CHECKS=0 */;
/*!40014 SET @OLD_FOREIGN_KEY_CHECKS=@@FOREIGN_KEY_CHECKS, FOREIGN_KEY_CHECKS=0 */;
/*!40101 SET @OLD_SQL_MODE=@@SQL_MODE, SQL_MODE='NO_AUTO_VALUE_ON_ZERO' */;
/*!40111 SET @OLD_SQL_NOTES=@@SQL_NOTES, SQL_NOTES=0 */;

--
-- Table structure for table `admin`
--

DROP TABLE IF EXISTS `admin`;
/*!40101 SET @saved_cs_client     = @@character_set_client */;
/*!40101 SET character_set_client = utf8 */;
CREATE TABLE `admin` (
  `id` int(10) unsigned NOT NULL AUTO_INCREMENT,
  `name` varchar(30) NOT NULL COMMENT '用户名',
  `nickname` varchar(30) DEFAULT NULL,
  `password` varchar(32) NOT NULL,
  `tel` varchar(11) NOT NULL,
  `email` varchar(30) DEFAULT NULL,
  `inc` int(10) unsigned DEFAULT '0' COMMENT '登陆次数',
  `login_time` varchar(11) DEFAULT NULL COMMENT '登录时间',
  `last_logintime` varchar(11) DEFAULT NULL COMMENT '上次登陆时间',
  `add_time` timestamp NULL DEFAULT CURRENT_TIMESTAMP COMMENT '注册时间',
  `status` tinyint(1) unsigned NOT NULL DEFAULT '1' COMMENT '是否删除，默认否',
  PRIMARY KEY (`id`)
) ENGINE=MyISAM AUTO_INCREMENT=207 DEFAULT CHARSET=utf8 COMMENT='用户表(user table)';
/*!40101 SET character_set_client = @saved_cs_client */;

--
-- Dumping data for table `admin`
--

LOCK TABLES `admin` WRITE;
/*!40000 ALTER TABLE `admin` DISABLE KEYS */;
INSERT INTO `admin` VALUES (1,'admin','admin','e10adc3949ba59abbe56e057f20f883e','13560432469','admin@123.com',285,'1476267812','1493879121','2016-11-02 09:00:21',1),(193,'Lee','Lee','d41d8cd98f00b204e9800998ecf8427e','13265321265','admin@123.com',0,NULL,NULL,'2016-11-02 09:00:21',0),(194,'admin','admin','d41d8cd98f00b204e9800998ecf8427e','36253215','admin@123.com',0,NULL,NULL,'2016-11-02 09:09:57',0),(195,'lee','aaa','d41d8cd98f00b204e9800998ecf8427e','1233323333','admin@123.com',0,NULL,NULL,'2016-11-02 09:11:03',0),(196,'lee','admin','d41d8cd98f00b204e9800998ecf8427e','13264141','admin@123.com',0,NULL,NULL,'2016-11-02 09:13:24',0),(197,'liyujin','admin','d41d8cd98f00b204e9800998ecf8427e','13523214256','',0,NULL,NULL,'2016-11-02 09:44:07',0),(198,'liyujins','admin','d41d8cd98f00b204e9800998ecf8427e','','',0,NULL,NULL,'2016-11-02 09:52:59',0),(199,'leesa','admin','d41d8cd98f00b204e9800998ecf8427e','13652325123','123456@qq.com',0,NULL,NULL,'2016-11-02 10:02:06',0),(200,'san','张三','d41d8cd98f00b204e9800998ecf8427e','','',0,NULL,NULL,'2016-11-04 01:01:09',0),(201,'user1','user','e10adc3949ba59abbe56e057f20f883e','','',3,NULL,'1486549207','2016-11-11 10:36:02',0),(202,'user2','user2','d41d8cd98f00b204e9800998ecf8427e','','',0,NULL,NULL,'2016-11-11 10:39:26',0),(203,'user4','user4','d41d8cd98f00b204e9800998ecf8427e','','',0,NULL,NULL,'2016-11-11 10:40:35',0),(204,'user6','user6','e10adc3949ba59abbe56e057f20f883e','','',1,NULL,'1478861914','2016-11-11 10:57:17',0),(205,'AmazonAdmin','AmazonAdmin','d0970714757783e6cf17b26fb8e2298f','','',1,NULL,'1493866319','2017-05-04 02:51:42',0),(206,'aeotec','aeotec','d0970714757783e6cf17b26fb8e2298f','','',3,NULL,'1493879070','2017-05-04 06:10:39',1);
/*!40000 ALTER TABLE `admin` ENABLE KEYS */;
UNLOCK TABLES;

--
-- Table structure for table `admin_role`
--

DROP TABLE IF EXISTS `admin_role`;
/*!40101 SET @saved_cs_client     = @@character_set_client */;
/*!40101 SET character_set_client = utf8 */;
CREATE TABLE `admin_role` (
  `u_id` int(11) unsigned NOT NULL DEFAULT '0' COMMENT '用户id',
  `role_id` int(11) unsigned NOT NULL DEFAULT '0' COMMENT '角色id'
) ENGINE=MyISAM DEFAULT CHARSET=utf8 COMMENT='用户与角色关联表';
/*!40101 SET character_set_client = @saved_cs_client */;

--
-- Dumping data for table `admin_role`
--

LOCK TABLES `admin_role` WRITE;
/*!40000 ALTER TABLE `admin_role` DISABLE KEYS */;
INSERT INTO `admin_role` VALUES (1,1),(2,3),(2,3),(2,3),(192,3),(2,2),(194,2),(195,3),(196,2),(204,2),(199,1),(204,2),(204,2),(204,2),(204,2),(204,2),(204,2),(204,2),(204,2),(203,2),(202,3),(201,2),(201,1),(200,1),(199,1),(199,1),(198,1),(198,1),(205,10),(206,10);
/*!40000 ALTER TABLE `admin_role` ENABLE KEYS */;
UNLOCK TABLES;

--
-- Table structure for table `banner`
--

DROP TABLE IF EXISTS `banner`;
/*!40101 SET @saved_cs_client     = @@character_set_client */;
/*!40101 SET character_set_client = utf8 */;
CREATE TABLE `banner` (
  `id` int(11) unsigned NOT NULL AUTO_INCREMENT,
  `name` varchar(250) DEFAULT NULL,
  `image` varchar(250) DEFAULT NULL,
  `small_image` varchar(250) DEFAULT NULL COMMENT '缩略图',
  `imgurl` varchar(250) DEFAULT NULL COMMENT '图片链接',
  `add_time` timestamp NULL DEFAULT CURRENT_TIMESTAMP COMMENT '添加时间',
  `sort_` tinyint(5) unsigned DEFAULT '0' COMMENT '排序',
  `status` tinyint(1) unsigned DEFAULT '1' COMMENT '图片状态1为显示，2为不显示，0为删除',
  PRIMARY KEY (`id`)
) ENGINE=MyISAM AUTO_INCREMENT=71 DEFAULT CHARSET=utf8 COMMENT='顶部图片';
/*!40101 SET character_set_client = @saved_cs_client */;

--
-- Dumping data for table `banner`
--

LOCK TABLES `banner` WRITE;
/*!40000 ALTER TABLE `banner` DISABLE KEYS */;
INSERT INTO `banner` VALUES (60,'AAAA','top/2016-11-04/581c751fc10ae.jpg','top/2016-11-04/small_581c751fc10ae.jpg','','2016-10-14 13:59:17',1,1),(61,'CCCC','top/2016-11-04/581c752d39f9f.jpg','top/2016-11-04/small_581c752d39f9f.jpg','','2016-10-14 13:58:15',2,1),(62,'','top/2016-11-04/581c74cb22254.jpg','top/2016-11-04/small_581c74cb22254.jpg','','2016-10-14 13:57:27',12,1),(63,'','top/2016-11-04/581c6f52c99a7.jpg','top/2016-11-04/small_581c6f52c99a7.jpg','','2016-10-14 13:58:01',9,1),(64,'AASXXX','top/2016-11-04/581c74ba7df46.jpg','top/2016-11-04/small_581c74ba7df46.jpg','','2016-09-20 07:37:02',9,1),(65,'','top/2016-11-04/581c74a8819c1.jpg','top/2016-11-04/small_581c74a8819c1.jpg','www.fantem.cn','2016-10-14 13:55:15',21,2),(66,'','top/2016-11-04/581c59e9a1af6.jpg','top/2016-11-04/small_581c59e9a1af6.jpg','','2016-10-14 13:55:35',11,1),(67,'测试','top/2016-11-04/581c74de72016.jpg','top/2016-11-04/small_581c74de72016.jpg','123','2016-11-04 08:04:42',15,1),(68,'','top/2016-11-04/581c590086bf9.jpg','top/2016-11-04/small_581c590086bf9.jpg','','2016-11-04 09:22:17',28,0),(69,'SS','top/2016-11-04/581c75580f1e1.jpg','top/2016-11-04/small_581c75580f1e1.jpg','','2016-11-04 09:29:50',15,1),(70,'AWWWWW','','top/2016-11-04/small_581c6f671632e.jpg','','2016-11-04 09:40:25',14,1);
/*!40000 ALTER TABLE `banner` ENABLE KEYS */;
UNLOCK TABLES;

--
-- Table structure for table `commentlinks`
--

DROP TABLE IF EXISTS `commentlinks`;
/*!40101 SET @saved_cs_client     = @@character_set_client */;
/*!40101 SET character_set_client = utf8 */;
CREATE TABLE `commentlinks` (
  `id` int(10) unsigned NOT NULL AUTO_INCREMENT COMMENT 'id',
  `product_id` int(10) unsigned NOT NULL COMMENT '产品id',
  `star_level` varchar(100) NOT NULL DEFAULT '0' COMMENT '评价星级',
  `comment_link` varchar(500) NOT NULL COMMENT '评论链接',
  `add_time` int(11) NOT NULL COMMENT '评价时间(戳)',
  PRIMARY KEY (`id`)
) ENGINE=MyISAM DEFAULT CHARSET=utf8 COMMENT='产品评价链接表';
/*!40101 SET character_set_client = @saved_cs_client */;

--
-- Dumping data for table `commentlinks`
--

LOCK TABLES `commentlinks` WRITE;
/*!40000 ALTER TABLE `commentlinks` DISABLE KEYS */;
/*!40000 ALTER TABLE `commentlinks` ENABLE KEYS */;
UNLOCK TABLES;

--
-- Table structure for table `currency`
--

DROP TABLE IF EXISTS `currency`;
/*!40101 SET @saved_cs_client     = @@character_set_client */;
/*!40101 SET character_set_client = utf8 */;
CREATE TABLE `currency` (
  `id` int(11) unsigned NOT NULL AUTO_INCREMENT COMMENT '货币列表id',
  `name` varchar(80) NOT NULL COMMENT '货币名称',
  `currency_symbol` varchar(20) NOT NULL COMMENT '货币符号',
  `add_time` timestamp NOT NULL DEFAULT CURRENT_TIMESTAMP COMMENT '添加时间',
  `status` tinyint(1) NOT NULL DEFAULT '1' COMMENT '状态，0表示删除，1表示正常',
  PRIMARY KEY (`id`)
) ENGINE=MyISAM AUTO_INCREMENT=4 DEFAULT CHARSET=utf8 COMMENT='货币列表';
/*!40101 SET character_set_client = @saved_cs_client */;

--
-- Dumping data for table `currency`
--

LOCK TABLES `currency` WRITE;
/*!40000 ALTER TABLE `currency` DISABLE KEYS */;
INSERT INTO `currency` VALUES (1,'DOLLAR(美元)','$','2017-04-10 05:45:39',1),(2,'POUND(英镑)','£','2017-04-10 05:46:48',1),(3,'EURO(欧元)','EUR','2017-04-10 05:49:32',1);
/*!40000 ALTER TABLE `currency` ENABLE KEYS */;
UNLOCK TABLES;

--
-- Table structure for table `invaimg`
--

DROP TABLE IF EXISTS `invaimg`;
/*!40101 SET @saved_cs_client     = @@character_set_client */;
/*!40101 SET character_set_client = utf8 */;
CREATE TABLE `invaimg` (
  `id` int(11) NOT NULL AUTO_INCREMENT,
  `db_name` varchar(45) DEFAULT NULL COMMENT '数据库名称',
  `imagepath` varchar(255) DEFAULT NULL COMMENT '图片路径',
  `add_time` timestamp NULL DEFAULT CURRENT_TIMESTAMP,
  PRIMARY KEY (`id`)
) ENGINE=MyISAM AUTO_INCREMENT=3 DEFAULT CHARSET=utf8mb4 COMMENT='过期图片路径表';
/*!40101 SET character_set_client = @saved_cs_client */;

--
-- Dumping data for table `invaimg`
--

LOCK TABLES `invaimg` WRITE;
/*!40000 ALTER TABLE `invaimg` DISABLE KEYS */;
INSERT INTO `invaimg` VALUES (1,'Banner','top/2016-11-04/581c590086bf9.jpg','2017-03-30 09:02:32');
/*!40000 ALTER TABLE `invaimg` ENABLE KEYS */;
UNLOCK TABLES;

--
-- Table structure for table `log`
--

DROP TABLE IF EXISTS `log`;
/*!40101 SET @saved_cs_client     = @@character_set_client */;
/*!40101 SET character_set_client = utf8 */;
CREATE TABLE `log` (
  `id` int(10) unsigned NOT NULL AUTO_INCREMENT,
  `user_id` int(10) unsigned DEFAULT NULL COMMENT '操作人id',
  `db` varchar(100) DEFAULT NULL COMMENT '操作的数据库',
  `content` mediumtext COMMENT '操作内容',
  `add_time` timestamp NULL DEFAULT CURRENT_TIMESTAMP COMMENT '操作时间',
  `ip` varchar(45) DEFAULT NULL COMMENT '登录人ip',
  `addr` varchar(100) DEFAULT NULL COMMENT '登陆地点',
  `type` tinyint(1) unsigned DEFAULT '0' COMMENT '日志类型（0为操作日志，1为登录日志）',
  `status` tinyint(1) unsigned NOT NULL DEFAULT '1' COMMENT '状态，0为删除，1为正常，',
  PRIMARY KEY (`id`)
) ENGINE=MyISAM AUTO_INCREMENT=288 DEFAULT CHARSET=utf8 COMMENT='日志表(log table)';
/*!40101 SET character_set_client = @saved_cs_client */;

--
-- Dumping data for table `log`
--

LOCK TABLES `log` WRITE;
/*!40000 ALTER TABLE `log` DISABLE KEYS */;
INSERT INTO `log` VALUES (1,1,'urls','新增 了 ','2017-04-10 03:24:22',NULL,NULL,0,1),(2,1,'urls','新增 了 ','2017-04-10 03:24:56',NULL,NULL,0,1),(3,1,'urls','新增 了 ','2017-04-10 03:25:34',NULL,NULL,0,1),(4,1,'urls','新增 了 ','2017-04-10 03:26:13',NULL,NULL,0,1),(5,1,'urls','新增 了 ','2017-04-10 03:26:29',NULL,NULL,0,1),(6,1,'urls','新增 了 ','2017-04-10 03:26:45',NULL,NULL,0,1),(7,1,'urls','新增 了 ','2017-04-10 03:27:02',NULL,NULL,0,1),(8,1,'urls','新增 了 ','2017-04-10 03:27:26',NULL,NULL,0,1),(9,1,'urls','新增 了 ','2017-04-10 03:27:46',NULL,NULL,0,1),(10,1,'urls','新增 了 ','2017-04-10 03:28:13',NULL,NULL,0,1),(11,1,'urls','新增 了 ','2017-04-10 03:28:30',NULL,NULL,0,1),(12,1,'urls','新增 了 ','2017-04-10 03:28:46',NULL,NULL,0,1),(13,1,'urls','新增 了 ','2017-04-10 03:29:11',NULL,NULL,0,1),(14,1,'urls','新增 了 ','2017-04-10 03:29:27',NULL,NULL,0,1),(15,1,'urls','新增 了 ','2017-04-10 03:29:43',NULL,NULL,0,1),(16,1,'urls','新增 了 ','2017-04-10 03:29:59',NULL,NULL,0,1),(17,1,'urls','新增 了 ','2017-04-10 03:30:15',NULL,NULL,0,1),(18,1,'urls','新增 了 ','2017-04-10 03:30:30',NULL,NULL,0,1),(19,1,'urls','新增 了 ','2017-04-10 03:30:45',NULL,NULL,0,1),(20,1,'urls','新增 了 ','2017-04-10 03:31:06',NULL,NULL,0,1),(21,1,'urls','新增 了 ','2017-04-10 03:31:27',NULL,NULL,0,1),(22,1,'urls','新增 了 ','2017-04-10 03:31:44',NULL,NULL,0,1),(23,1,'urls','新增 了 ','2017-04-10 03:32:03',NULL,NULL,0,1),(24,1,'urls','新增 了 ','2017-04-10 03:42:20',NULL,NULL,0,1),(25,1,'urls','新增 了 ','2017-04-10 03:43:03',NULL,NULL,0,1),(26,1,'urls','新增 了 ','2017-04-10 03:46:42',NULL,NULL,0,1),(27,1,'urls','删除 了 URL','2017-04-10 03:47:20',NULL,NULL,0,1),(28,1,'urls','删除 了 URL','2017-04-10 03:47:24',NULL,NULL,0,1),(29,1,'urls','新增 了 ','2017-04-10 03:48:03',NULL,NULL,0,1),(30,1,'urls','新增 了 ','2017-04-10 03:48:35',NULL,NULL,0,1),(31,1,'urls','新增 了 ','2017-04-10 03:49:18',NULL,NULL,0,1),(32,1,'urls','新增 了 ','2017-04-10 03:49:42',NULL,NULL,0,1),(33,1,'urls','新增 了 ','2017-04-10 03:51:25',NULL,NULL,0,1),(34,1,'urls','新增 了 ','2017-04-10 03:52:20',NULL,NULL,0,1),(35,1,'urls','新增 了 ','2017-04-10 03:52:59',NULL,NULL,0,1),(36,1,'urls','新增 了 ','2017-04-10 03:53:28',NULL,NULL,0,1),(37,1,'urls','新增 了 ','2017-04-10 03:54:10',NULL,NULL,0,1),(38,1,'urls','新增 了 ','2017-04-10 03:54:32',NULL,NULL,0,1),(39,1,'urls','新增 了 ','2017-04-10 03:55:00',NULL,NULL,0,1),(40,1,'urls','新增 了 ','2017-04-10 03:57:37',NULL,NULL,0,1),(41,1,'urls','新增 了 ','2017-04-10 03:58:02',NULL,NULL,0,1),(42,1,'urls','新增 了 ','2017-04-10 03:59:17',NULL,NULL,0,1),(43,1,'urls','新增 了 ','2017-04-10 03:59:59',NULL,NULL,0,1),(44,1,'urls','新增 了 ','2017-04-10 04:00:27',NULL,NULL,0,1),(45,1,'urls','新增 了 ','2017-04-10 04:00:56',NULL,NULL,0,1),(46,1,'urls','新增 了 ','2017-04-10 04:01:43',NULL,NULL,0,1),(47,1,'urls','新增 了 ','2017-04-10 04:02:11',NULL,NULL,0,1),(48,1,'urls','新增 了 ','2017-04-10 04:02:52',NULL,NULL,0,1),(49,1,'urls','新增 了 ','2017-04-10 04:03:11',NULL,NULL,0,1),(50,1,'urls','新增 了 ','2017-04-10 04:03:31',NULL,NULL,0,1),(51,1,'urls','新增 了 ','2017-04-10 04:03:52',NULL,NULL,0,1),(52,1,'urls','新增 了 ','2017-04-10 04:04:09',NULL,NULL,0,1),(53,1,'urls','新增 了 ','2017-04-10 04:04:48',NULL,NULL,0,1),(54,1,'urls','新增 了 ','2017-04-10 04:05:11',NULL,NULL,0,1),(55,1,'urls','新增 了 ','2017-04-10 04:05:38',NULL,NULL,0,1),(56,1,'urls','新增 了 ','2017-04-10 04:05:58',NULL,NULL,0,1),(57,1,'urls','新增 了 ','2017-04-10 04:06:14',NULL,NULL,0,1),(58,1,'urls','新增 了 ','2017-04-10 04:06:32',NULL,NULL,0,1),(59,1,'urls','新增 了 ','2017-04-10 04:07:01',NULL,NULL,0,1),(60,1,'urls','新增 了 ','2017-04-10 04:07:19',NULL,NULL,0,1),(61,1,'urls','新增 了 ','2017-04-10 04:07:44',NULL,NULL,0,1),(62,1,'urls','新增 了 ','2017-04-10 04:08:48',NULL,NULL,0,1),(63,1,'urls','新增 了 ','2017-04-10 04:09:18',NULL,NULL,0,1),(64,1,'urls','新增 了 ','2017-04-10 04:09:37',NULL,NULL,0,1),(65,1,'urls','新增 了 ','2017-04-10 04:10:27',NULL,NULL,0,1),(66,1,'urls','新增 了 ','2017-04-10 04:10:45',NULL,NULL,0,1),(67,1,'urls','新增 了 ','2017-04-10 04:11:00',NULL,NULL,0,1),(68,1,'urls','新增 了 ','2017-04-10 04:11:22',NULL,NULL,0,1),(69,1,'urls','新增 了 ','2017-04-10 04:11:41',NULL,NULL,0,1),(70,1,'urls','新增 了 ','2017-04-10 04:11:59',NULL,NULL,0,1),(71,1,'urls','新增 了 ','2017-04-10 04:12:23',NULL,NULL,0,1),(72,1,'urls','新增 了 ','2017-04-10 04:12:39',NULL,NULL,0,1),(73,1,'urls','新增 了 ','2017-04-10 04:12:55',NULL,NULL,0,1),(74,1,'urls','新增 了 ','2017-04-10 04:13:15',NULL,NULL,0,1),(75,1,'urls','新增 了 ','2017-04-10 04:13:35',NULL,NULL,0,1),(76,1,'urls','新增 了 ','2017-04-10 04:13:56',NULL,NULL,0,1),(77,1,'urls','新增 了 ','2017-04-10 04:14:49',NULL,NULL,0,1),(78,1,'urls','新增 了 ','2017-04-10 04:16:45',NULL,NULL,0,1),(79,1,'Currency','新增 了 美元','2017-04-10 05:45:39',NULL,NULL,0,1),(80,1,'Currency','新增 了 英镑','2017-04-10 05:46:48',NULL,NULL,0,1),(81,1,'Currency','新增 了 欧元','2017-04-10 05:49:32',NULL,NULL,0,1),(82,1,'Productlist','新增 了  More buying choices for Aeotec by Aeon Labs ZW120 Door / Window Sensor, Small, White','2017-04-10 06:10:41',NULL,NULL,0,1),(83,1,'Productlist','新增 了  Aeon ZW120 Gen5 Sensor Tür und Fenster – Weiß','2017-04-10 06:13:00',NULL,NULL,0,1),(84,1,'Productlist','新增 了  AEON ZW120 Gen5 Door and Window Sensor - White','2017-04-10 06:13:22',NULL,NULL,0,1),(85,1,'MinimumPrice','新增 了  More buying choices for Aeotec by Aeon Labs ZW120 Door / Window Sensor, Small, White','2017-04-10 06:14:04',NULL,NULL,0,1),(86,1,'MinimumPrice','新增 了  Aeon ZW120 Gen5 Sensor Tür und Fenster – Weiß','2017-04-10 06:14:49',NULL,NULL,0,1),(87,1,'MinimumPrice','新增 了  AEON ZW120 Gen5 Door and Window Sensor - White','2017-04-10 06:15:16',NULL,NULL,0,1),(88,1,'Productlist','新增 了 Aeotec by Aeon Labs ZW112 Door / Window Sensor, Small, White ','2017-04-10 06:19:01',NULL,NULL,0,1),(89,1,'MinimumPrice','新增 了 Aeotec by Aeon Labs ZW112 Door / Window Sensor, Small, White ','2017-04-10 06:19:32',NULL,NULL,0,1),(90,1,'Productlist','新增 了 AEON ZW112 Door/Window Sensor 6 - White ','2017-04-10 06:19:46',NULL,NULL,0,1),(91,1,'MinimumPrice','新增 了 AEON ZW112 Door/Window Sensor 6 - White ','2017-04-10 06:20:20',NULL,NULL,0,1),(92,1,'Productlist','新增 了 http://192.168.1.245/amazonEngine/Admin/Index/index.html#MinimumPrice','2017-04-10 06:31:32',NULL,NULL,0,1),(93,1,'Productlist','修改 了 Aeotec by Aeon Labs ZW056 Doorbell, Small, White ','2017-04-10 06:32:48',NULL,NULL,0,1),(94,1,'Productlist','修改 了 More buying choices for Aeotec by Aeon Labs ZW120 Door / Window Sensor, Small, White','2017-04-10 06:35:14',NULL,NULL,0,1),(95,1,'MinimumPrice','新增 了 Aeotec by Aeon Labs ZW056 Doorbell, Small, White ','2017-04-10 06:43:41',NULL,NULL,0,1),(96,1,'Productlist','新增 了 Aeotec by Aeon Labs ZW097 Dry Contact Sensor, Small, White','2017-04-10 06:46:00',NULL,NULL,0,1),(97,1,'MinimumPrice','新增 了 Aeotec by Aeon Labs ZW097 Dry Contact Sensor, Small, White','2017-04-10 06:46:13',NULL,NULL,0,1),(98,1,'Productlist','新增 了 Aeotec by Aeon Labs ZW097 Dry Contact Sensor, Small, White by Aeon Labs','2017-04-10 06:47:11',NULL,NULL,0,1),(99,1,'MinimumPrice','新增 了 More buying choices for Aeotec by Aeon Labs ZW120 Door / Window Sensor, Small, White','2017-04-10 06:47:26',NULL,NULL,0,1),(100,1,'Productlist','新增 了 Aeotec by Aeon Labs ZW097 Dry Contact Sensor, Small, White by Aeon Labs','2017-04-10 06:47:48',NULL,NULL,0,1),(101,1,'MinimumPrice','新增 了 More buying choices for Aeotec by Aeon Labs ZW120 Door / Window Sensor, Small, White','2017-04-10 06:48:04',NULL,NULL,0,1),(102,1,'Productlist','新增 了 Aeon Labs Garage Door Controller GEN5 Z-Wave-Plus, 1 Stück, AEOEZW062','2017-04-10 06:50:12',NULL,NULL,0,1),(103,1,'MinimumPrice','新增 了 More buying choices for Aeotec by Aeon Labs ZW120 Door / Window Sensor, Small, White','2017-04-10 06:50:39',NULL,NULL,0,1),(104,1,'Productlist','新增 了 Aeotec by Aeon Labs ZW062-C Gen5 Garage Door Controller - White','2017-04-10 06:51:49',NULL,NULL,0,1),(105,1,'MinimumPrice','新增 了 More buying choices for Aeotec by Aeon Labs ZW120 Door / Window Sensor, Small, White','2017-04-10 06:52:05',NULL,NULL,0,1),(106,1,'Productlist','新增 了 Aeotec by Aeon Labs DSB28-ZWUS Home Energy Meter 2E','2017-04-10 06:56:17',NULL,NULL,0,1),(107,1,'MinimumPrice','新增 了 Aeotec by Aeon Labs DSB28-ZWUS Home Energy Meter 2E','2017-04-10 06:56:43',NULL,NULL,0,1),(108,1,'Productlist','新增 了 Aeotec by Aeon Labs DSB28-ZWUS Home Energy Meter 2E by Aeon Labs','2017-04-10 06:57:32',NULL,NULL,0,1),(109,1,'MinimumPrice','新增 了 Aeotec by Aeon Labs DSB28-ZWUS Home Energy Meter 2E by Aeon Labs','2017-04-10 06:58:02',NULL,NULL,0,1),(110,1,'Productlist','新增 了 Aeotec by Aeon Labs DSB28-ZWUS Home Energy Meter 2E by Aeon Labs','2017-04-10 06:58:47',NULL,NULL,0,1),(111,1,'MinimumPrice','新增 了 More buying choices for Aeotec by Aeon Labs ZW120 Door / Window Sensor, Small, White','2017-04-10 06:59:02',NULL,NULL,0,1),(112,1,'MinimumPrice','修改 了 Aeotec by Aeon Labs DSB28-ZWUS Home Energy Meter 2E by Aeon Labs','2017-04-10 07:01:01',NULL,NULL,0,1),(113,1,'productlist','删除 了 Aeotec by Aeon Labs DSB28-ZWUS Home Energy Meter 2E by Aeon Labs','2017-04-10 07:47:38',NULL,NULL,0,1),(114,1,'Productlist','新增 了 Aeotec by Aeon Labs ZW095 Home Energy Meter, Small, White','2017-04-10 07:48:48',NULL,NULL,0,1),(115,1,'Productlist','修改 了 Aeotec by Aeon Labs DSB28-ZWUS Home Energy Meter 2E by Aeon Labs','2017-04-10 07:49:11',NULL,NULL,0,1),(116,1,'Productlist','修改 了 Aeotec by Aeon Labs DSB28-ZWUS Home Energy Meter 2E','2017-04-10 07:49:52',NULL,NULL,0,1),(117,1,'productlist','删除 了 Aeotec by Aeon Labs DSB28-ZWUS Home Energy Meter 2E,Aeotec by Aeon Labs DSB28-ZWUS Home Energy Meter 2E by Aeon Labs,Aeotec by Aeon Labs ZW095 Home Energy Meter, Small, White','2017-04-10 07:57:00',NULL,NULL,0,1),(118,1,'Productlist','新增 了 Aeon Labs AEDSB09104ZWUS Aeotec Z-Wave Smart Energy Monitor Meter','2017-04-10 07:58:00',NULL,NULL,0,1),(119,1,'Productlist','新增 了 Aeotec by Aeon Labs ZW095 Home Energy Meter, Small, White','2017-04-10 07:58:37',NULL,NULL,0,1),(120,1,'Productlist','新增 了 Aeon Labs DSB09104 - Home Energy Meter (1st Edition) 2-Pack Bundle includes Home Energy Meter (1st Edition) 2-Pack and Beach Camera Microfiber Cloth','2017-04-10 07:59:06',NULL,NULL,0,1),(121,1,'Productlist','修改 了 Aeon Labs DSB09104 - Home Energy Meter (1st Edition) 2-Pack Bundle includes Home Energy Meter (1st Edition) 2-Pack and Beach Camera Microfiber Cloth','2017-04-10 08:00:21',NULL,NULL,0,1),(122,1,'Productlist','修改 了 Aeon Labs DSB09104 - Home Energy Meter (1st Edition) 2-Pack Bundle includes Home Energy Meter (1st Edition) 2-Pack and Beach Camera Microfiber Cloth','2017-04-10 08:05:23',NULL,NULL,0,1),(123,1,'Productlist','新增 了 Aeon Labs DSB09104 - Home Energy Meter (1st Edition) 3-Pack Bundle includes Home Energy Meter (1st Edition) 3-Pack and Beach Camera Microfiber Cloth','2017-04-10 08:05:55',NULL,NULL,0,1),(124,1,'Productlist','新增 了 Aeon Labs ZW095-A - Z-Wave Plus - Home Energy Meter - Gen 5 by Aeon Labs','2017-04-10 08:06:23',NULL,NULL,0,1),(125,1,'Productlist','新增 了 Aeotec by Aeon Labs DSB28-ZWUS Home Energy Meter 2E by Aeon Labs','2017-04-10 08:06:42',NULL,NULL,0,1),(126,1,'Productlist','新增 了 Aeon Labs Home Energy Meter 2E-DSB28-3P4,60A Z-wave Plus by Aeotec','2017-04-10 08:07:10',NULL,NULL,0,1),(127,1,'Productlist','新增 了 Aeotec by Aeon Labs DSB28-ZWUS Home Energy Meter 2E by Aeon Labs','2017-04-10 08:07:36',NULL,NULL,0,1),(128,1,'Productlist','新增 了 Aeotec by Aeon Labs DSB28-ZWUS Home Energy Meter 2E','2017-04-10 08:07:54',NULL,NULL,0,1),(129,1,'Productlist','新增 了 Aeon Labs Home Energy Meter 2E-DSB28-3P4,60A Z-wave Plus by Aeotec','2017-04-10 08:09:51',NULL,NULL,0,1),(130,1,'productlist','删除 了 Aeon Labs Home Energy Meter 2E-DSB28-3P4,60A Z-wave Plus by Aeotec','2017-04-10 08:10:33',NULL,NULL,0,1),(131,1,'Productlist','新增 了 Aeotec by Aeon Labs ZW095 Home Energy Meter, Small, White by Aeon Labs','2017-04-10 08:13:36',NULL,NULL,0,1),(132,1,'productlist','删除 了 Aeotec by Aeon Labs ZW095 Home Energy Meter, Small, White by Aeon Labs','2017-04-10 08:22:12',NULL,NULL,0,1),(133,1,'Productlist','新增 了 Aeotec by Aeon Labs ZW095 Home Energy Meter, Small, White by Aeon Labs','2017-04-10 08:23:47',NULL,NULL,0,1),(134,1,'Productlist','新增 了 Home Energy Meter (2nd Edition) 1clamp 60A','2017-04-10 08:39:42',NULL,NULL,0,1),(135,1,'Productlist','新增 了 Home Energy Meter (2nd Edition) 3clamps 100A','2017-04-10 08:40:23',NULL,NULL,0,1),(136,1,'Productlist','新增 了 Home Energy Meter (2nd Edition) 2clamps 100A','2017-04-10 08:42:30',NULL,NULL,0,1),(137,1,'Productlist','修改 了 Home Energy Meter (2nd Edition) 2clamps 100A','2017-04-10 08:42:47',NULL,NULL,0,1),(138,1,'Productlist','新增 了 Home Energy Meter (2nd Edition) 1clamp 100A','2017-04-10 08:43:02',NULL,NULL,0,1),(139,1,'Productlist','新增 了 Aeon Labs ZW078-A,White,V3.26,US,AL001 Zw078-A Z-Wave Heavy Duty Smart Energy Appliance Switch, Small, White','2017-04-10 08:51:39',NULL,NULL,0,1),(140,1,'Productlist','新增 了 Aeon Labs ZW078-A,White,V3.26,US,AL001 Zw078-A Z-Wave Heavy Duty Smart Energy Appliance Switch, Small, White by Aeon Labs','2017-04-10 08:51:58',NULL,NULL,0,1),(141,1,'Productlist','新增 了 Z-Wave Aeon Labs Heavy Duty Switch, AEO_HDS','2017-04-10 08:52:57',NULL,NULL,0,1),(142,1,'Productlist','新增 了 Heavy Duty Smart Switch Gen5 by Aeotec','2017-04-10 08:53:16',NULL,NULL,0,1),(143,1,'Productlist','新增 了 Heavy Duty Smart Switch Gen5','2017-04-10 08:54:03',NULL,NULL,0,1),(144,1,'Productlist','新增 了 Aeon Labs ZW088-A,Black,US,AL001 Aeotec Z-Wave Key Fob, Gen5, Black, Small','2017-04-10 08:56:37',NULL,NULL,0,1),(145,1,'Productlist','新增 了 Aeon Labs ZW088-A,Black,US,AL001 Aeotec Z-Wave Key Fob, Gen5, Black, Small by Aeon Labs','2017-04-10 08:56:56',NULL,NULL,0,1),(146,1,'Productlist','新增 了 Aeotec KeyFob remote control ZW088-C - Z-Wave Plus','2017-04-10 08:57:54',NULL,NULL,0,1),(147,1,'Productlist','新增 了 Aeotec by Aeon Labs ZW098 Aeon Labs LED Bulb, Small, White','2017-04-10 08:59:36',NULL,NULL,0,1),(148,1,'Productlist','新增 了 Aeotec LED RGBW ZW098-C55 Glühbirne - Z-Wave Plus','2017-04-10 09:00:13',NULL,NULL,0,1),(149,1,'Productlist','新增 了 LED Bulb by Aeotec','2017-04-10 09:00:30',NULL,NULL,0,1),(150,1,'Productlist','新增 了 LED Bulb','2017-04-10 09:00:53',NULL,NULL,0,1),(151,1,'Productlist','新增 了 Aeotec ZW098-C48 Z-Wave RGB LED Bulb B22d','2017-04-10 09:01:12',NULL,NULL,0,1),(152,1,'Productlist','新增 了 Aeon Labs Aeotec DSC 17103 - ZWUS Micro Double Switch by Aeotec','2017-04-10 09:09:25',NULL,NULL,0,1),(153,1,'Productlist','新增 了 Aeotec by Aeon Labs DSC14014 Micro Motor Controller, Small, White','2017-04-10 09:12:05',NULL,NULL,0,1),(154,1,'Productlist','新增 了 Aeotec by Aeon Labs DSC14014 Micro Motor Controller, Small, White by Aeon Labs','2017-04-10 09:12:22',NULL,NULL,0,1),(155,1,'Productlist','新增 了 Aeotec Z-Wave Micro Dimmer, 2nd edition','2017-04-10 09:14:24',NULL,NULL,0,1),(156,1,'Productlist','新增 了 Z-Wave Aeon Labs Micro Module Dimmer, AEO_MEI','2017-04-10 09:15:04',NULL,NULL,0,1),(157,1,'Productlist','新增 了 Aeon Labs DSC27103-ZWUS,White, US,AL001 Aeotec Z-Wave Micro Dimmer, 2Nd Edition (Dsc27103-Zwus), Small, White by Aeon Labs','2017-04-10 09:15:24',NULL,NULL,0,1),(158,1,'Productlist','新增 了 Aeon Labs DSC19103-ZWUS Aeotec Z-Wave Micro Smart Energy Dimmer, 2nd Edition by Aeotec','2017-04-10 09:15:39',NULL,NULL,0,1),(159,1,'Productlist','新增 了 Micro Smart Dimmer (2nd Edition) by Aeon Labs','2017-04-10 09:15:59',NULL,NULL,0,1),(160,1,'Productlist','新增 了 Aeotec by Aeon Labs DSC19103 Micro Smart Dimmer, Small, White by Aeon Labs','2017-04-10 09:16:17',NULL,NULL,0,1),(161,1,'Productlist','新增 了 Aeotec Micro Intelligent Schalter DSC18103-ZWEU (2nd Edition) - Z-Wave Plus','2017-04-10 09:16:34',NULL,NULL,0,1),(162,1,'Productlist','新增 了 Micro Smart Dimmer (2nd Edition)','2017-04-10 09:16:59',NULL,NULL,0,1),(163,1,'Productlist','新增 了 Aeotec Z-Wave Micro Dimmer, 2nd edition by Aeon Labs','2017-04-10 09:17:13',NULL,NULL,0,1),(164,1,'Productlist','新增 了 Aeon Labs DSC18103-ZWUS,White,US,AL001 Aeotec Z-Wave Micro Smart Energy Switch, 2nd Edition, White, Small','2017-04-10 09:19:55',NULL,NULL,0,1),(165,1,'Productlist','新增 了 Aeotec Micro SchalteAeotec Micro Schalter DSC26103-ZWEU - Z- Wave','2017-04-10 09:20:38',NULL,NULL,0,1),(166,1,'Productlist','新增 了 Aeon Labs DSC18103-ZWUS,White,US,AL001 Aeotec Z-Wave Micro Smart Energy Switch, 2nd Edition, White, Small by Aeon Labs','2017-04-10 09:21:03',NULL,NULL,0,1),(167,1,'Productlist','新增 了 Aeotec Micro Smart Switch (2nd Edition) DSC18103-ZWEU - Z-Wave','2017-04-10 09:21:56',NULL,NULL,0,1),(168,1,'Productlist','新增 了 Aeon Labs DSA03202W-ZWUS,White, US,AL001 Dsa03202 V1 - Z-Wave Minimote, Small, White','2017-04-10 09:23:46',NULL,NULL,0,1),(169,1,'Productlist','新增 了 Aeotec by Aeon Labs DSA03202W Black Minimote, Small, Black','2017-04-10 09:24:04',NULL,NULL,0,1),(170,1,'Productlist','新增 了 Aeon Labs DSA03202W-ZWUS,White, US,AL001 Dsa03202 V1 - Z-Wave Minimote, Small, White by Aeon Labs','2017-04-10 09:24:30',NULL,NULL,0,1),(171,1,'Productlist','新增 了 Aeotec Minimote-Fernbedienung (schwarz) DSA03202B-ZWEU - Z-Wave','2017-04-10 09:26:16',NULL,NULL,0,1),(172,1,'Productlist','新增 了 Aeon Labs DSA03202 v1 - Z-Wave Minimote by Aeon Labs','2017-04-10 09:26:30',NULL,NULL,0,1),(173,1,'Productlist','新增 了 Aeotec Minimote-Fernbedienung (weiß) DSA03202W-ZWEU - Z-Wave','2017-04-10 09:26:47',NULL,NULL,0,1),(174,1,'Productlist','新增 了 Aeotec by Aeon Labs DSA03202W Black Minimote, Small, Black by Aeon Labs','2017-04-10 09:27:27',NULL,NULL,0,1),(175,1,'Productlist','新增 了 Aeon Labs DSA03202 v1 - Z-Wave Minimote - by Aeon Labs','2017-04-10 09:27:47',NULL,NULL,0,1),(176,1,'Productlist','新增 了   Für eine größere Ansicht klicken Sie auf das Bild \'3 Stück Fernbedienungen &quot;Minimote Z-Wave, weiß – Aeon Labs ','2017-04-10 09:28:30',NULL,NULL,0,1),(177,1,'Productlist','新增 了 Minimote by Aeotec','2017-04-10 09:28:46',NULL,NULL,0,1),(178,1,'Productlist','新增 了 Minimote','2017-04-10 09:29:05',NULL,NULL,0,1),(179,1,'Productlist','新增 了 Set of 3 White – Aeon Labs Z-Wave Minimote, &quot;Remote Control','2017-04-10 09:29:19',NULL,NULL,0,1),(180,1,'Productlist','新增 了 Aeotec Minimote remote control (Black) DSA03202B-ZWEU - Z-Wave','2017-04-10 09:29:42',NULL,NULL,0,1),(181,1,'Productlist','新增 了 Aeotec by Aeon Labs DSC19103 Micro Smart Dimmer, Small, White','2017-04-10 09:32:15',NULL,NULL,0,1),(182,1,'Productlist','新增 了 2 X Aeotec By Aeon Labs Gen5 Z-wave Plus 6-in-1 Multisensor 6 ZW100-A','2017-04-10 09:35:42',NULL,NULL,0,1),(183,1,'Productlist','新增 了 Aeon Labs Aeotec Z-Wave Gen5 Multi-Sensor (Z-Wave Plus)','2017-04-10 09:35:57',NULL,NULL,0,1),(184,1,'Productlist','新增 了 Aeon Labs MultiSensor Gen5 by Aeon Labs','2017-04-10 09:36:13',NULL,NULL,0,1),(185,1,'Productlist','新增 了 Aeon Multi Sensor Gen5','2017-04-10 09:36:32',NULL,NULL,0,1),(186,1,'Productlist','新增 了 Aeon Labs Starter Pack: 2 x Bewegungssensor Gen5 1 x Z-Stick S2 … (x2 MultiSensor G5 1x Z-Stick S2)','2017-04-10 09:37:03',NULL,NULL,0,1),(187,1,'Productlist','新增 了 Product Details Aeon Labs Starter Pack: 2 x Motion Sensor Gen5 1 x Z-stick S2.','2017-04-10 09:37:17',NULL,NULL,0,1),(188,1,'Productlist','新增 了 Aeon Labs MultiSensor Gen5','2017-04-10 09:37:36',NULL,NULL,0,1),(189,1,'Productlist','新增 了 Aeon Labs Multisensor 6 RECESSOR DSE010 by Aeon Labs','2017-04-10 09:40:33',NULL,NULL,0,1),(190,1,'Productlist','新增 了 Aeotec by Aeon Labs DSE010 Multisensor 6 Recessor, Small, White by Aeon Labs','2017-04-10 09:42:29',NULL,NULL,0,1),(191,1,'Productlist','新增 了 Aeon Labs Multisensor 6 - Z-Wave Plus','2017-04-10 09:43:01',NULL,NULL,0,1),(192,1,'Productlist','新增 了 Aeotec by Aeon Labs DSE010 Multisensor 6 Recessor, Small, White','2017-04-10 09:44:59',NULL,NULL,0,1),(193,1,'Productlist','新增 了 Aeotec by Aeon Labs DSE010 MultiSensor 6 Recessor - White','2017-04-10 09:45:30',NULL,NULL,0,1),(194,1,'Productlist','新增 了 Aeotec Nano Dimmer lighting controller, Z-Wave Plus, In-wall, dimming &amp; ceiling fan switches','2017-04-10 09:47:19',NULL,NULL,0,1),(195,1,'Productlist','新增 了 Aeotec by Aeon Labs ZW111-C Z-Wave Plus Nano In-Wall Dimmer Lighting Controller - White','2017-04-10 09:48:15',NULL,NULL,0,1),(196,1,'Productlist','新增 了 Aeon Labs DSA38-ZWUS,Black,US,AL001 Wave Panic Button, Black, Small','2017-04-10 09:55:50',NULL,NULL,0,1),(197,1,'Productlist','新增 了 Aeon Labs Panic Button Z-Wave','2017-04-10 09:56:11',NULL,NULL,0,1),(198,1,'Productlist','新增 了 Aeon Labs DSA38-ZWUS,Black,US,AL001 Wave Panic Button, Black, Small by Aeon Labs','2017-04-10 09:56:31',NULL,NULL,0,1),(199,1,'Productlist','新增 了 Aeon Labs Panic Button Z-Wave by Aeon Labs','2017-04-10 09:56:48',NULL,NULL,0,1),(200,1,'Productlist','新增 了 Z-Wave Aeontec Panic Button, Ein-Knopf-Fernbedienung, 1 Stück, AEO_PANIC','2017-04-10 09:57:36',NULL,NULL,0,1),(201,1,'Productlist','新增 了 Panic Button','2017-04-10 09:57:54',NULL,NULL,0,1),(202,1,'Productlist','新增 了 Aeon Labs Range Extender 6 GEN5 - Z-WavePlus','2017-04-10 09:59:58',NULL,NULL,0,1),(203,1,'Productlist','新增 了 Range Extender','2017-04-10 10:00:26',NULL,NULL,0,1),(204,1,'Productlist','新增 了 AEON DSD37 Range Extender Z-Wave Repeater - White','2017-04-10 10:00:41',NULL,NULL,0,1),(205,1,'Productlist','新增 了 Aeon Labs Recessed Door Sensor Gen5','2017-04-10 10:03:35',NULL,NULL,0,1),(206,1,'Productlist','新增 了 Recessed Door Sensor Gen5 by Aeon Labs','2017-04-10 10:03:53',NULL,NULL,0,1),(207,1,'Productlist','新增 了 Siren Gen5, ZW080-A17, by Aeotec, Cert ID: ZC10-14090012','2017-04-10 10:05:25',NULL,NULL,0,1),(208,1,'Productlist','新增 了 Siren Gen5','2017-04-10 10:05:52',NULL,NULL,0,1),(209,1,'Productlist','新增 了 Aeon Labs ZW099-A02 Smart Dimmer 6 Gen5, White','2017-04-10 10:07:29',NULL,NULL,0,1),(210,1,'Productlist','新增 了 Z-Wave Aeontec Smart Dimmer with Energy Measurement Function and LED 6 mm (1), AEOEZW099 EU','2017-04-10 10:08:58',NULL,NULL,0,1),(211,1,'Productlist','新增 了 Aeon Labs ZW099-A02 Smart Dimmer 6 Gen5, White by Aeon Labs','2017-04-10 10:09:18',NULL,NULL,0,1),(212,1,'Productlist','新增 了 Aeotec by Aeon Labs ZW096 Smart Switch, Small, White','2017-04-10 10:10:37',NULL,NULL,0,1),(213,1,'Productlist','新增 了 Aeon Labs Aeotec Z-Wave Smart Switch 6, Gen5 (2 Pack)','2017-04-10 10:10:55',NULL,NULL,0,1),(214,1,'Productlist','新增 了 Aeon Labs Aeotec Z-Wave Smart Switch 6, Gen5 by Aeon Labs','2017-04-10 10:11:11',NULL,NULL,0,1),(215,1,'Productlist','新增 了 AKC- AEOTEC Aeon Labs Smart Switch 6 Z-Wave Plus GEN5 ZW096-A02','2017-04-10 10:11:28',NULL,NULL,0,1),(216,1,'Productlist','新增 了 Aeotec by Aeon Labs DSC11 Smart Power Strip Z-Wave Power Sockets','2017-04-10 10:15:15',NULL,NULL,0,1),(217,1,'Productlist','新增 了 Aeon Labs DSC11-ZWUS,White, US,AL001 Aeotec Z-Wave Smart Energy Power Strip, White, Large by Aeon Labs','2017-04-10 10:15:30',NULL,NULL,0,1),(218,1,'Productlist','新增 了 Aeon Labs Aeotec Z-Wave Smart Energy Power Strip (DSC11-ZWUS), Model: DSC11-ZWUS, Tools &amp; Outdoor Store','2017-04-10 10:15:49',NULL,NULL,0,1),(219,1,'Productlist','新增 了 Aeon Labs Touch Panel One Button for Micro Switch Black AL-001 BL','2017-04-10 10:18:04',NULL,NULL,0,1),(220,1,'Productlist','新增 了 Aeon Labs AL001-W-US,White,US,AL001 Aeotec Z-Wave 1-Button Touch Panel for Micros, White, Small','2017-04-10 10:18:19',NULL,NULL,0,1),(221,1,'Productlist','新增 了 Aeon Labs AL001-B-US,Black,US,AL001 Touch Panel One Button for Micro Switch, White, Small','2017-04-10 10:18:35',NULL,NULL,0,1),(222,1,'Productlist','新增 了 Aeon Labs AL001-W-US,White,US,AL001 Aeotec Z-Wave 1-Button Touch Panel for Micros, White, Small by Aeon Labs','2017-04-10 10:18:52',NULL,NULL,0,1),(223,1,'Productlist','新增 了 Aeon Labs Touch Panel One Button for Micro Switch Black AL-001 BL by Aeon Labs','2017-04-10 10:19:29',NULL,NULL,0,1),(224,1,'Productlist','新增 了 Aeon Labs AL001-B-US,Black,US,AL001 Touch Panel One Button for Micro Switch, White, Small by Aeon Labs','2017-04-10 10:20:55',NULL,NULL,0,1),(225,1,'Productlist','新增 了 Aeotec by Aeon Labs ZW130-A WallMote Quad','2017-04-10 10:22:08',NULL,NULL,0,1),(226,1,'Productlist','新增 了 Aeotec by Aeon Labs DSB45 Water Sensor, Small, White','2017-04-10 10:23:05',NULL,NULL,0,1),(227,1,'Productlist','新增 了 Aeotec by Aeon Labs DSB45 Water Sensor, Small, White by Aeon Labs','2017-04-10 10:23:40',NULL,NULL,0,1),(228,1,'Productlist','新增 了 Water Sensor','2017-04-10 10:23:56',NULL,NULL,0,1),(229,1,'Productlist','新增 了 Aeotec by Aeon Labs ZW090 Z Stick, Small, White','2017-04-10 10:25:04',NULL,NULL,0,1),(230,1,'Productlist','新增 了 Aeon Labs Aeotec Z-Wave Z-Stick, Gen5 (ZW090) by Aeon Labs','2017-04-10 10:25:17',NULL,NULL,0,1),(231,1,'Productlist','新增 了 Aeon Labs USB Stick mit eingebauter Batterie GEN5 - Z-WavePlus','2017-04-10 10:26:10',NULL,NULL,0,1),(232,1,'Productlist','新增 了 Z-Stick Gen5','2017-04-10 10:26:22',NULL,NULL,0,1),(233,1,'Productlist','新增 了 Aeon Labs DSA02203-ZWUS Z-Wave Z-Stick Series 2 USB Dongle','2017-04-10 10:27:36',NULL,NULL,0,1),(234,1,'Productlist','修改 了 Aeon Labs DSA02203-ZWUS Z-Wave Z-Stick Series 2 USB Dongle','2017-04-10 10:27:50',NULL,NULL,0,1),(235,1,'Productlist','新增 了 Z-Stick S2 by Aeotec','2017-04-10 10:28:08',NULL,NULL,0,1),(236,1,'Productlist','新增 了 Aeon Labs Z-Stick S2','2017-04-10 10:29:01',NULL,NULL,0,1),(237,1,'Productlist','修改 了 Aeon Labs Smart Switch 6 Z-Wave Plus GEN5 ZW096-A02','2017-04-10 10:29:58',NULL,NULL,0,1),(238,1,'Productlist','修改 了 Aeon Labs Starter Pack: 2 x Motion Sensor Gen5 1 x Z-stick S2.','2017-04-10 10:31:37',NULL,NULL,0,1),(239,1,'productlist','删除 了   Für eine größere Ansicht klicken Sie auf das Bild \'3 Stück Fernbedienungen &quot;Minimote Z-Wave, weiß – Aeon Labs ','2017-04-10 10:32:02',NULL,NULL,0,1),(240,1,NULL,NULL,'2017-04-11 02:46:55','192.168.1.8','广东深圳',1,1),(241,1,'','清理 了 缓存','2017-04-11 03:29:03',NULL,NULL,0,1),(242,1,NULL,NULL,'2017-04-11 03:30:04','192.168.1.8','广东深圳',1,1),(243,1,NULL,NULL,'2017-04-12 03:37:48','192.168.1.8','广东深圳',1,1),(244,1,NULL,NULL,'2017-04-12 07:48:31','192.168.1.118','广东深圳',1,1),(245,1,NULL,NULL,'2017-04-13 06:35:21','192.168.1.8','广东深圳',1,1),(246,1,'Reseller','新增 了 ','2017-04-13 06:37:49',NULL,NULL,0,1),(247,1,'Reseller','新增 了 ','2017-04-13 06:38:15',NULL,NULL,0,1),(248,1,'Reseller','新增 了 ','2017-04-13 06:39:05',NULL,NULL,0,1),(249,1,'Reseller','新增 了 ','2017-04-13 06:39:43',NULL,NULL,0,1),(250,1,'Reseller','新增 了 ','2017-04-13 06:40:20',NULL,NULL,0,1),(251,1,'Reseller','新增 了 ','2017-04-13 06:41:36',NULL,NULL,0,1),(252,1,'Reseller','新增 了 ','2017-04-13 06:42:07',NULL,NULL,0,1),(253,1,'Reseller','新增 了 ','2017-04-13 06:42:35',NULL,NULL,0,1),(254,1,'Reseller','修改 了 ','2017-04-13 06:43:09',NULL,NULL,0,1),(255,1,'Reseller','修改 了 ','2017-04-13 06:49:41',NULL,NULL,0,1),(256,1,'Reseller','修改 了 ','2017-04-13 06:51:20',NULL,NULL,0,1),(257,1,NULL,NULL,'2017-04-17 03:04:19','192.168.1.111','广东深圳',1,1),(258,1,NULL,NULL,'2017-05-04 00:58:36','192.168.1.11','广东深圳',1,1),(259,1,'Role','删除 了 AAA,CCC,XXXX,ZZZZZ,SCSCS','2017-05-04 02:31:50',NULL,NULL,0,1),(260,1,'Role','新增 了 Amazon管理员','2017-05-04 02:32:12',NULL,NULL,0,1),(261,1,'Node','修改 了 Amazon evaluation','2017-05-04 02:33:44',NULL,NULL,0,1),(262,1,'Node','修改 了 Need to grab the Ama','2017-05-04 02:34:45',NULL,NULL,0,1),(263,1,'Node','修改 了 Minimum price limit ','2017-05-04 02:35:21',NULL,NULL,0,1),(264,1,'Node','修改 了 Reseller list','2017-05-04 02:37:43',NULL,NULL,0,1),(265,1,'Node','修改 了 Product list','2017-05-04 02:38:02',NULL,NULL,0,1),(266,1,'Node','修改 了 Currency list','2017-05-04 02:38:29',NULL,NULL,0,1),(267,1,'Node','修改 了 Minimum price list','2017-05-04 02:39:02',NULL,NULL,0,1),(268,1,'Node','修改 了 Send warning list','2017-05-04 02:39:20',NULL,NULL,0,1),(269,1,'Node','修改 了 Product price list U','2017-05-04 02:41:43',NULL,NULL,0,1),(270,1,'Node','修改 了 Product price list U','2017-05-04 02:47:02',NULL,NULL,0,1),(271,1,'Node','修改 了 Product price list URL','2017-05-04 02:49:42',NULL,NULL,0,1),(272,1,'Admin','删除 了 user2,user4,user6','2017-05-04 02:50:28',NULL,NULL,0,1),(273,205,NULL,NULL,'2017-05-04 02:51:59','192.168.1.11','广东深圳',1,1),(274,205,'Currency','修改 了 EURO(欧元)','2017-05-04 03:13:33',NULL,NULL,0,1),(275,205,'Currency','修改 了 POUND(英镑)','2017-05-04 03:14:01',NULL,NULL,0,1),(276,205,'Currency','修改 了 DOLLAR(美元)','2017-05-04 03:14:44',NULL,NULL,0,1),(277,205,'','清理 了 缓存','2017-05-04 03:59:06',NULL,NULL,0,1),(278,1,NULL,NULL,'2017-05-04 06:09:57','192.168.1.11','广东深圳',1,1),(279,1,'Admin','删除 了 AmazonAdmin','2017-05-04 06:10:18',NULL,NULL,0,1),(280,206,NULL,NULL,'2017-05-04 06:11:12','192.168.1.11','广东深圳',1,1),(281,1,NULL,NULL,'2017-05-04 06:19:18','192.168.1.11','广东深圳',1,1),(282,1,'Role','修改 了 Amazon administrator','2017-05-04 06:19:57',NULL,NULL,0,1),(283,206,NULL,NULL,'2017-05-04 06:20:15','192.168.1.11','广东深圳',1,1),(284,1,NULL,NULL,'2017-05-04 06:23:29','192.168.1.11','广东深圳',1,1),(285,1,'Node','修改 了 Need to grab the Amazon','2017-05-04 06:23:49',NULL,NULL,0,1),(286,206,NULL,NULL,'2017-05-04 06:24:30','192.168.1.11','广东深圳',1,1),(287,1,NULL,NULL,'2017-05-04 06:25:22','192.168.1.11','广东深圳',1,1);
/*!40000 ALTER TABLE `log` ENABLE KEYS */;
UNLOCK TABLES;

--
-- Table structure for table `minimum_price`
--

DROP TABLE IF EXISTS `minimum_price`;
/*!40101 SET @saved_cs_client     = @@character_set_client */;
/*!40101 SET character_set_client = utf8 */;
CREATE TABLE `minimum_price` (
  `id` int(11) unsigned NOT NULL AUTO_INCREMENT COMMENT '最低限价列表id',
  `product_name` varchar(150) NOT NULL COMMENT '产品名称',
  `currency` varchar(30) NOT NULL DEFAULT '$' COMMENT '货币符号',
  `minimum_price` varchar(10) NOT NULL COMMENT '最低售价',
  `add_time` timestamp NOT NULL DEFAULT CURRENT_TIMESTAMP COMMENT '添加时间',
  `status` tinyint(1) NOT NULL DEFAULT '1',
  PRIMARY KEY (`id`)
) ENGINE=MyISAM AUTO_INCREMENT=364 DEFAULT CHARSET=utf8 COMMENT='最低限价列表';
/*!40101 SET character_set_client = @saved_cs_client */;

--
-- Dumping data for table `minimum_price`
--

LOCK TABLES `minimum_price` WRITE;
/*!40000 ALTER TABLE `minimum_price` DISABLE KEYS */;
INSERT INTO `minimum_price` VALUES (1,'Aeotec by Aeon Labs ZW120 Door / Window Sensor, Small, White','$','34.95','2017-04-11 03:13:29',1),(2,' Aeon ZW120 Gen5 Sensor Tür und Fenster – Weiß','$','34.95','2017-04-11 03:13:29',1),(3,' AEON ZW120 Gen5 Door and Window Sensor - White','$','34.95','2017-04-11 03:13:29',1),(4,'Aeotec by Aeon Labs ZW112 Door / Window Sensor, Small, White','$','59.99','2017-04-11 03:13:29',1),(5,'AEON ZW112 Door/Window Sensor 6 - White','$','59.99','2017-04-11 03:13:29',1),(6,'Aeotec by Aeon Labs ZW056 Doorbell, Small, White ','$','49.95','2017-04-11 03:13:29',1),(7,'Aeotec by Aeon Labs ZW097 Dry Contact Sensor, Small, White','$','34.95','2017-04-11 03:13:29',1),(8,'Aeotec by Aeon Labs ZW097 Dry Contact Sensor, Small, White by Aeon Labs','$','34.95','2017-04-11 03:13:29',1),(9,'Aeotec by Aeon Labs ZW097 Dry Contact Sensor, Small, White by Aeon Labs','$','34.95','2017-04-11 03:13:29',1),(10,'Aeon Labs Garage Door Controller GEN5 Z-Wave-Plus, 1 Stück, AEOEZW062','$','94.99','2017-04-11 03:13:29',1),(11,'Aeotec by Aeon Labs ZW062-C Gen5 Garage Door Controller - White','$','94.99','2017-04-11 03:13:29',1),(13,'Aeotec by Aeon Labs ZW095 Home Energy Meter, Small, White','$','94.95','2017-04-11 03:13:29',1),(16,'Aeon Labs ZW095-A - Z-Wave Plus - Home Energy Meter - Gen 5 by Aeon Labs','$','94.95','2017-04-11 03:13:29',1),(17,'Aeotec by Aeon Labs DSB28-ZWUS Home Energy Meter 2E by Aeon Labs','$','94.95','2017-04-11 03:13:29',1),(18,'Aeon Labs Home Energy Meter 2E-DSB28-3P4,60A Z-wave Plus by Aeotec','$','89.95','2017-04-11 03:13:29',1),(19,'Aeotec by Aeon Labs DSB28-ZWUS Home Energy Meter 2E by Aeon Labs','$','94.95','2017-04-11 03:13:29',1),(20,'Aeotec by Aeon Labs DSB28-ZWUS Home Energy Meter 2E','$','94.95','2017-04-11 03:13:29',1),(22,'Home Energy Meter (2nd Edition) 1clamp 60A','$','69.95','2017-04-11 03:13:29',1),(23,'Home Energy Meter (2nd Edition) 3clamps 100A','$','99.95','2017-04-11 03:13:29',1),(24,'Home Energy Meter (2nd Edition) 2clamps 100A','$','89.95','2017-04-11 03:13:29',1),(25,'Home Energy Meter (2nd Edition) 1clamp 100A','$','74.95','2017-04-11 03:13:29',1),(26,'Aeon Labs ZW078-A,White,V3.26,US,AL001 Zw078-A Z-Wave Heavy Duty Smart Energy Appliance Switch, Small','$','89.95','2017-04-11 03:13:29',1),(27,'Aeon Labs ZW078-A,White,V3.26,US,AL001 Zw078-A Z-Wave Heavy Duty Smart Energy Appliance Switch, Small','$','89.95','2017-04-11 03:13:29',1),(28,'Z-Wave Aeon Labs Heavy Duty Switch, AEO_HDS','$','89.95','2017-04-11 03:13:29',1),(29,'Heavy Duty Smart Switch Gen5 by Aeotec','$','89.95','2017-04-11 03:13:29',1),(30,'Heavy Duty Smart Switch Gen5','$','89.95','2017-04-11 03:13:29',1),(31,'Aeon Labs ZW088-A,Black,US,AL001 Aeotec Z-Wave Key Fob, Gen5, Black, Small','$','34.95','2017-04-11 03:13:29',1),(32,'Aeon Labs ZW088-A,Black,US,AL001 Aeotec Z-Wave Key Fob, Gen5, Black, Small by Aeon Labs','$','34.95','2017-04-11 03:13:29',1),(33,'Aeotec KeyFob remote control ZW088-C - Z-Wave Plus','$','34.95','2017-04-11 03:13:29',1),(34,'Aeotec by Aeon Labs ZW098 Aeon Labs LED Bulb, Small, White','$','49.95','2017-04-11 03:13:29',1),(35,'Aeotec LED RGBW ZW098-C55 Glühbirne - Z-Wave Plus','$','49.95','2017-04-11 03:13:29',1),(36,'LED Bulb by Aeotec','$','49.95','2017-04-11 03:13:29',1),(37,'LED Bulb','$','49.95','2017-04-11 03:13:29',1),(38,'Aeotec ZW098-C48 Z-Wave RGB LED Bulb B22d','$','49.95','2017-04-11 03:13:29',1),(39,'Aeon Labs Aeotec DSC 17103 - ZWUS Micro Double Switch by Aeotec','$','49.95','2017-04-11 03:13:29',1),(42,'Aeotec Z-Wave Micro Dimmer, 2nd edition','$','34.95','2017-04-11 03:13:29',1),(43,'Z-Wave Aeon Labs Micro Module Dimmer, AEO_MEI','$','34.95','2017-04-11 03:13:29',1),(44,'Aeon Labs DSC27103-ZWUS,White, US,AL001 Aeotec Z-Wave Micro Dimmer, 2Nd Edition (Dsc27103-Zwus), Small, White by Aeon Labs','$','34.95','2017-04-11 03:13:29',1),(45,'Aeon Labs DSC19103-ZWUS Aeotec Z-Wave Micro Smart Energy Dimmer, 2nd Edition by Aeotec','$','44.95','2017-04-11 03:13:29',1),(46,'Micro Smart Dimmer (2nd Edition) by Aeon Labs','$','44.95','2017-04-11 03:13:29',1),(47,'Aeotec by Aeon Labs DSC19103 Micro Smart Dimmer, Small, White by Aeon Labs','$','44.95','2017-04-11 03:13:29',1),(49,'Micro Smart Dimmer (2nd Edition)','$','44.95','2017-04-11 03:13:29',1),(50,'Aeotec Z-Wave Micro Dimmer, 2nd edition by Aeon Labs','$','34.95','2017-04-11 03:13:29',1),(51,'Aeon Labs DSC18103-ZWUS,White,US,AL001 Aeotec Z-Wave Micro Smart Energy Switch, 2nd Edition, White, Small','$','44.95','2017-04-11 03:13:29',1),(53,'Aeon Labs DSC18103-ZWUS,White,US,AL001 Aeotec Z-Wave Micro Smart Energy Switch, 2nd Edition, White, Small','$','44.95','2017-04-11 03:13:29',1),(55,'Aeon Labs DSA03202W-ZWUS,White, US,AL001 Dsa03202 V1 - Z-Wave Minimote, Small, White','$','44.95','2017-04-11 03:13:29',1),(56,'Aeotec by Aeon Labs DSA03202W Black Minimote, Small, Black','$','44.95','2017-04-11 03:13:29',1),(57,'Aeon Labs DSA03202W-ZWUS,White, US,AL001 Dsa03202 V1 - Z-Wave Minimote, Small, White by Aeon Labs','$','44.95','2017-04-11 03:13:29',1),(59,'Aeon Labs DSA03202 v1 - Z-Wave Minimote by Aeon Labs','$','44.95','2017-04-11 03:13:29',1),(61,'Aeotec by Aeon Labs DSA03202W Black Minimote, Small, Black by Aeon Labs','$','44.95','2017-04-11 03:13:29',1),(62,'Aeon Labs DSA03202 v1 - Z-Wave Minimote - by Aeon Labs','$','44.95','2017-04-11 03:13:29',1),(63,'Minimote by Aeotec','$','44.95','2017-04-11 03:13:29',1),(64,'Minimote','$','44.95','2017-04-11 03:13:29',1),(67,'Aeotec by Aeon Labs DSC19103 Micro Smart Dimmer, Small, White','$','44.95','2017-04-11 03:13:29',1),(68,'2 X Aeotec By Aeon Labs Gen5 Z-wave Plus 6-in-1 Multisensor 6 ZW100-A','$','49.95','2017-04-11 03:13:29',1),(69,'Aeon Labs Aeotec Z-Wave Gen5 Multi-Sensor (Z-Wave Plus)','$','39.95','2017-04-11 03:13:29',1),(70,'Aeon Labs MultiSensor Gen5 by Aeon Labs','$','39.95','2017-04-11 03:13:29',1),(71,'Aeon Multi Sensor Gen5','$','39.95','2017-04-11 03:13:29',1),(74,'Aeon Labs MultiSensor Gen5','$','39.95','2017-04-11 03:13:29',1),(75,'Aeon Labs Multisensor 6 RECESSOR DSE010 by Aeon Labs','$','16.99','2017-04-11 03:13:29',1),(76,'Aeotec by Aeon Labs DSE010 Multisensor 6 Recessor, Small, White by Aeon Labs','$','16.99','2017-04-11 03:13:29',1),(77,'Aeon Labs Multisensor 6 - Z-Wave Plus','$','49.95','2017-04-11 03:13:29',1),(78,'Aeotec by Aeon Labs DSE010 Multisensor 6 Recessor, Small, White','$','16.99','2017-04-11 03:13:29',1),(79,'Aeotec by Aeon Labs DSE010 MultiSensor 6 Recessor - White','$','16.99','2017-04-11 03:13:29',1),(81,'Aeotec by Aeon Labs ZW111-C Z-Wave Plus Nano In-Wall Dimmer Lighting Controller - White','$','59.99','2017-04-11 03:13:29',1),(82,'Aeon Labs DSA38-ZWUS,Black,US,AL001 Wave Panic Button, Black, Small','$','34.95','2017-04-11 03:13:29',1),(83,'Aeon Labs Panic Button Z-Wave','$','34.95','2017-04-11 03:13:29',1),(84,'Aeon Labs DSA38-ZWUS,Black,US,AL001 Wave Panic Button, Black, Small by Aeon Labs','$','34.95','2017-04-11 03:13:29',1),(85,'Aeon Labs Panic Button Z-Wave by Aeon Labs','$','34.95','2017-04-11 03:13:29',1),(86,'Z-Wave Aeontec Panic Button, Ein-Knopf-Fernbedienung, 1 Stück, AEO_PANIC','$','34.95','2017-04-11 03:13:29',1),(87,'Panic Button','$','34.95','2017-04-11 03:13:29',1),(88,'Aeon Labs Range Extender 6 GEN5 - Z-WavePlus','$','29.95','2017-04-11 03:13:29',1),(89,'Range Extender','$','29.95','2017-04-11 03:13:29',1),(90,'AEON DSD37 Range Extender Z-Wave Repeater - White','$','29.95','2017-04-11 03:13:29',1),(91,'Aeon Labs Recessed Door Sensor Gen5','$','39.95','2017-04-11 03:13:29',1),(92,'Recessed Door Sensor Gen5 by Aeon Labs','$','39.95','2017-04-11 03:13:29',1),(93,'Siren Gen5, ZW080-A17, by Aeotec, Cert ID: ZC10-14090012','$','49.95','2017-04-11 03:13:29',1),(94,'Siren Gen5','$','49.95','2017-04-11 03:13:29',1),(95,'Aeon Labs ZW099-A02 Smart Dimmer 6 Gen5, White','$','49.95','2017-04-11 03:13:29',1),(96,'Z-Wave Aeontec Smart Dimmer with Energy Measurement Function and LED 6 mm (1), AEOEZW099 EU','$','49.95','2017-04-11 03:13:29',1),(97,'Aeon Labs ZW099-A02 Smart Dimmer 6 Gen5, White by Aeon Labs','$','49.95','2017-04-11 03:13:29',1),(98,'Aeotec by Aeon Labs ZW096 Smart Switch, Small, White','$','49.95','2017-04-11 03:13:29',1),(100,'Aeon Labs Aeotec Z-Wave Smart Switch 6, Gen5 by Aeon Labs','$','49.95','2017-04-11 03:13:29',1),(101,'Aeon Labs Smart Switch 6 Z-Wave Plus GEN5 ZW096-A02','$','49.95','2017-04-11 03:13:29',1),(102,'Aeotec by Aeon Labs DSC11 Smart Power Strip Z-Wave Power Sockets','$','59.99','2017-04-11 03:13:29',1),(103,'Aeon Labs DSC11-ZWUS,White, US,AL001 Aeotec Z-Wave Smart Energy Power Strip, White, Large by Aeon Labs','$','59.99','2017-04-11 03:13:29',1),(104,'Aeon Labs Aeotec Z-Wave Smart Energy Power Strip (DSC11-ZWUS), Model: DSC11-ZWUS, Tools & Outdoor Store','$','59.99','2017-04-11 03:13:29',1),(105,'Aeon Labs Touch Panel One Button for Micro Switch Black AL-001 BL','$','15','2017-04-11 03:13:29',1),(106,'Aeon Labs AL001-W-US,White,US,AL001 Aeotec Z-Wave 1-Button Touch Panel for Micros, White, Small','$','15','2017-04-11 03:13:29',1),(107,'Aeon Labs AL001-B-US,Black,US,AL001 Touch Panel One Button for Micro Switch, White, Small','$','15','2017-04-11 03:13:29',1),(108,'Aeon Labs AL001-W-US,White,US,AL001 Aeotec Z-Wave 1-Button Touch Panel for Micros, White, Small by Aeon Labs','$','15','2017-04-11 03:13:29',1),(109,'Aeon Labs Touch Panel One Button for Micro Switch Black AL-001 BL by Aeon Labs','$','15','2017-04-11 03:13:29',1),(110,'Aeon Labs AL001-B-US,Black,US,AL001 Touch Panel One Button for Micro Switch, White, Small by Aeon Labs','$','15','2017-04-11 03:13:29',1),(111,'Aeotec by Aeon Labs ZW130-A WallMote Quad','$','59.99','2017-04-11 03:13:29',1),(112,'Aeotec by Aeon Labs DSB45 Water Sensor, Small, White','$','34.95','2017-04-11 03:13:29',1),(113,'Aeotec by Aeon Labs DSB45 Water Sensor, Small, White by Aeon Labs','$','34.95','2017-04-11 03:13:29',1),(114,'Water Sensor','$','34.95','2017-04-11 03:13:29',1),(115,'Aeotec by Aeon Labs ZW090 Z Stick, Small, White','$','44.95','2017-04-11 03:13:29',1),(116,'Aeon Labs Aeotec Z-Wave Z-Stick, Gen5 (ZW090) by Aeon Labs','$','44.95','2017-04-11 03:13:29',1),(117,'Aeon Labs USB Stick mit eingebauter Batterie GEN5 - Z-WavePlus','$','44.95','2017-04-11 03:13:29',1),(118,'Z-Stick Gen5','$','44.95','2017-04-11 03:13:29',1),(119,'Aeon Labs DSA02203-ZWUS Z-Wave Z-Stick Series 2 USB Dongle','$','44.95','2017-04-11 03:13:29',1),(120,'Z-Stick S2 by Aeotec','$','44.95','2017-04-11 03:13:29',1),(121,'Aeon Labs Z-Stick S2','$','44.95','2017-04-11 03:13:29',1),(122,'Aeotec by Aeon Labs ZW120 Door / Window Sensor, Small, White by Aeon Labs','EUR','39.95','2017-04-11 03:14:28',1),(123,' Aeon ZW120 Gen5 Sensor Tür und Fenster – Weiß','EUR','39.95','2017-04-11 03:14:28',1),(124,' AEON ZW120 Gen5 Door and Window Sensor - White','EUR','39.95','2017-04-11 03:14:28',1),(125,'Aeotec by Aeon Labs ZW112 Door / Window Sensor, Small, White','EUR','49.99','2017-04-11 03:14:28',1),(126,'AEON ZW112 Door/Window Sensor 6 - White','EUR','49.99','2017-04-11 03:14:28',1),(127,'Aeotec by Aeon Labs ZW056 Doorbell, Small, White ','EUR','59.95','2017-04-11 03:14:28',1),(128,'Aeotec by Aeon Labs ZW097 Dry Contact Sensor, Small, White','EUR','44.95','2017-04-11 03:14:28',1),(129,'Aeotec by Aeon Labs ZW097 Dry Contact Sensor, Small, White by Aeon Labs','EUR','44.95','2017-04-11 03:14:28',1),(130,'Aeotec by Aeon Labs ZW097 Dry Contact Sensor, Small, White by Aeon Labs','EUR','44.95','2017-04-11 03:14:28',1),(131,'Aeon Labs Garage Door Controller GEN5 Z-Wave-Plus, 1 Stück, AEOEZW062','EUR','114.99','2017-04-11 03:14:28',1),(132,'Aeotec by Aeon Labs ZW062-C Gen5 Garage Door Controller - White','EUR','114.99','2017-04-11 03:14:28',1),(137,'Aeon Labs ZW095-A - Z-Wave Plus - Home Energy Meter - Gen 5 by Aeon Labs','EUR','114.95','2017-04-11 03:14:28',1),(138,'Aeotec by Aeon Labs DSB28-ZWUS Home Energy Meter 2E by Aeon Labs','EUR','114.95','2017-04-11 03:14:28',1),(139,'Aeon Labs Home Energy Meter 2E-DSB28-3P4,60A Z-wave Plus by Aeotec','EUR','104.95','2017-04-11 03:14:28',1),(140,'Aeotec by Aeon Labs DSB28-ZWUS Home Energy Meter 2E by Aeon Labs','EUR','114.95','2017-04-11 03:14:28',1),(141,'Aeotec by Aeon Labs DSB28-ZWUS Home Energy Meter 2E','EUR','114.95','2017-04-11 03:14:28',1),(143,'Home Energy Meter (2nd Edition) 1clamp 60A','EUR','89.95','2017-04-11 03:14:28',1),(144,'Home Energy Meter (2nd Edition) 3clamps 100A','EUR','119.95','2017-04-11 03:14:28',1),(145,'Home Energy Meter (2nd Edition) 2clamps 100A','EUR','104.95','2017-04-11 03:14:28',1),(146,'Home Energy Meter (2nd Edition) 1clamp 100A','EUR','94.95','2017-04-11 03:14:28',1),(147,'Aeon Labs ZW078-A,White,V3.26,US,AL001 Zw078-A Z-Wave Heavy Duty Smart Energy Appliance Switch, Small','EUR','109.95','2017-04-11 03:14:28',1),(148,'Aeon Labs ZW078-A,White,V3.26,US,AL001 Zw078-A Z-Wave Heavy Duty Smart Energy Appliance Switch, Small','EUR','109.95','2017-04-11 03:14:28',1),(149,'Z-Wave Aeon Labs Heavy Duty Switch, AEO_HDS','EUR','109.95','2017-04-11 03:14:28',1),(150,'Heavy Duty Smart Switch Gen5 by Aeotec','EUR','109.95','2017-04-11 03:14:28',1),(151,'Heavy Duty Smart Switch Gen5','EUR','109.95','2017-04-11 03:14:28',1),(152,'Aeon Labs ZW088-A,Black,US,AL001 Aeotec Z-Wave Key Fob, Gen5, Black, Small','EUR','39.95','2017-04-11 03:14:28',1),(153,'Aeon Labs ZW088-A,Black,US,AL001 Aeotec Z-Wave Key Fob, Gen5, Black, Small by Aeon Labs','EUR','39.95','2017-04-11 03:14:28',1),(154,'Aeotec KeyFob remote control ZW088-C - Z-Wave Plus','EUR','39.95','2017-04-11 03:14:28',1),(155,'Aeotec by Aeon Labs ZW098 Aeon Labs LED Bulb, Small, White','EUR','49.95','2017-04-11 03:14:28',1),(156,'Aeotec LED RGBW ZW098-C55 Glühbirne - Z-Wave Plus','EUR','49.95','2017-04-11 03:14:28',1),(157,'LED Bulb by Aeotec','EUR','49.95','2017-04-11 03:14:28',1),(158,'LED Bulb','EUR','49.95','2017-04-11 03:14:28',1),(159,'Aeotec ZW098-C48 Z-Wave RGB LED Bulb B22d','EUR','49.95','2017-04-11 03:14:28',1),(160,'Aeon Labs Aeotec DSC 17103 - ZWUS Micro Double Switch by Aeotec','EUR','49.95','2017-04-11 03:14:28',1),(163,'Aeotec Z-Wave Micro Dimmer, 2nd edition','EUR','39.95','2017-04-11 03:14:28',1),(164,'Z-Wave Aeon Labs Micro Module Dimmer, AEO_MEI','EUR','39.95','2017-04-11 03:14:28',1),(165,'Aeon Labs DSC27103-ZWUS,White, US,AL001 Aeotec Z-Wave Micro Dimmer, 2Nd Edition (Dsc27103-Zwus), Small, White by Aeon Labs','EUR','39.95','2017-04-11 03:14:28',1),(166,'Aeon Labs DSC19103-ZWUS Aeotec Z-Wave Micro Smart Energy Dimmer, 2nd Edition by Aeotec','EUR','44.95','2017-04-11 03:14:28',1),(167,'Micro Smart Dimmer (2nd Edition) by Aeon Labs','EUR','44.95','2017-04-11 03:14:28',1),(168,'Aeotec by Aeon Labs DSC19103 Micro Smart Dimmer, Small, White by Aeon Labs','EUR','44.95','2017-04-11 03:14:28',1),(170,'Micro Smart Dimmer (2nd Edition)','EUR','44.95','2017-04-11 03:14:28',1),(171,'Aeotec Z-Wave Micro Dimmer, 2nd edition by Aeon Labs','EUR','39.95','2017-04-11 03:14:28',1),(172,'Aeon Labs DSC18103-ZWUS,White,US,AL001 Aeotec Z-Wave Micro Smart Energy Switch, 2nd Edition, White, Small','EUR','44.95','2017-04-11 03:14:28',1),(174,'Aeon Labs DSC18103-ZWUS,White,US,AL001 Aeotec Z-Wave Micro Smart Energy Switch, 2nd Edition, White, Small','EUR','44.95','2017-04-11 03:14:28',1),(176,'Aeon Labs DSA03202W-ZWUS,White, US,AL001 Dsa03202 V1 - Z-Wave Minimote, Small, White','EUR','49.95','2017-04-11 03:14:28',1),(177,'Aeotec by Aeon Labs DSA03202W Black Minimote, Small, Black','EUR','49.95','2017-04-11 03:14:28',1),(178,'Aeon Labs DSA03202W-ZWUS,White, US,AL001 Dsa03202 V1 - Z-Wave Minimote, Small, White by Aeon Labs','EUR','49.95','2017-04-11 03:14:28',1),(180,'Aeon Labs DSA03202 v1 - Z-Wave Minimote by Aeon Labs','EUR','49.95','2017-04-11 03:14:28',1),(182,'Aeotec by Aeon Labs DSA03202W Black Minimote, Small, Black by Aeon Labs','EUR','49.95','2017-04-11 03:14:28',1),(183,'Aeon Labs DSA03202 v1 - Z-Wave Minimote - by Aeon Labs','EUR','49.95','2017-04-11 03:14:28',1),(184,'Minimote by Aeotec','EUR','49.95','2017-04-11 03:14:28',1),(185,'Minimote','EUR','49.95','2017-04-11 03:14:28',1),(188,'Aeotec by Aeon Labs DSC19103 Micro Smart Dimmer, Small, White','EUR','44.95','2017-04-11 03:14:28',1),(189,'2 X Aeotec By Aeon Labs Gen5 Z-wave Plus 6-in-1 Multisensor 6 ZW100-A','EUR','54.95','2017-04-11 03:14:28',1),(190,'Aeon Labs Aeotec Z-Wave Gen5 Multi-Sensor (Z-Wave Plus)','EUR','44.95','2017-04-11 03:14:28',1),(191,'Aeon Labs MultiSensor Gen5 by Aeon Labs','EUR','44.95','2017-04-11 03:14:28',1),(192,'Aeon Multi Sensor Gen5','EUR','44.95','2017-04-11 03:14:28',1),(195,'Aeon Labs MultiSensor Gen5','EUR','44.95','2017-04-11 03:14:28',1),(196,'Aeon Labs Multisensor 6 RECESSOR DSE010 by Aeon Labs','EUR','12.99','2017-04-11 03:14:28',1),(197,'Aeotec by Aeon Labs DSE010 Multisensor 6 Recessor, Small, White by Aeon Labs','EUR','12.99','2017-04-11 03:14:28',1),(198,'Aeon Labs Multisensor 6 - Z-Wave Plus','EUR','39.95','2017-04-11 03:14:28',1),(199,'Aeotec by Aeon Labs DSE010 Multisensor 6 Recessor, Small, White','EUR','12.99','2017-04-11 03:14:28',1),(200,'Aeotec by Aeon Labs DSE010 MultiSensor 6 Recessor - White','EUR','12.99','2017-04-11 03:14:28',1),(202,'Aeotec by Aeon Labs ZW111-C Z-Wave Plus Nano In-Wall Dimmer Lighting Controller - White','EUR','48','2017-04-11 03:14:28',1),(203,'Aeon Labs DSA38-ZWUS,Black,US,AL001 Wave Panic Button, Black, Small','EUR','39.95','2017-04-11 03:14:28',1),(204,'Aeon Labs Panic Button Z-Wave','EUR','39.95','2017-04-11 03:14:28',1),(205,'Aeon Labs DSA38-ZWUS,Black,US,AL001 Wave Panic Button, Black, Small by Aeon Labs','EUR','39.95','2017-04-11 03:14:28',1),(206,'Aeon Labs Panic Button Z-Wave by Aeon Labs','EUR','39.95','2017-04-11 03:14:28',1),(207,'Z-Wave Aeontec Panic Button, Ein-Knopf-Fernbedienung, 1 Stück, AEO_PANIC','EUR','39.95','2017-04-11 03:14:28',1),(208,'Panic Button','EUR','39.95','2017-04-11 03:14:28',1),(209,'Aeon Labs Range Extender 6 GEN5 - Z-WavePlus','EUR','29.95','2017-04-11 03:14:28',1),(210,'Range Extender','EUR','29.95','2017-04-11 03:14:28',1),(211,'AEON DSD37 Range Extender Z-Wave Repeater - White','EUR','29.95','2017-04-11 03:14:28',1),(212,'Aeon Labs Recessed Door Sensor Gen5','EUR','44.95','2017-04-11 03:14:28',1),(213,'Recessed Door Sensor Gen5 by Aeon Labs','EUR','44.95','2017-04-11 03:14:28',1),(214,'Siren Gen5, ZW080-A17, by Aeotec, Cert ID: ZC10-14090012','EUR','54.95','2017-04-11 03:14:28',1),(215,'Siren Gen5','EUR','54.95','2017-04-11 03:14:28',1),(216,'Aeon Labs ZW099-A02 Smart Dimmer 6 Gen5, White','EUR','49.95','2017-04-11 03:14:28',1),(217,'Z-Wave Aeontec Smart Dimmer with Energy Measurement Function and LED 6 mm (1), AEOEZW099 EU','EUR','49.95','2017-04-11 03:14:28',1),(218,'Aeon Labs ZW099-A02 Smart Dimmer 6 Gen5, White by Aeon Labs','EUR','49.95','2017-04-11 03:14:28',1),(219,'Aeotec by Aeon Labs ZW096 Smart Switch, Small, White','EUR','49.95','2017-04-11 03:14:28',1),(221,'Aeon Labs Aeotec Z-Wave Smart Switch 6, Gen5 by Aeon Labs','EUR','49.95','2017-04-11 03:14:28',1),(222,'Aeon Labs Smart Switch 6 Z-Wave Plus GEN5 ZW096-A02','EUR','49.95','2017-04-11 03:14:28',1),(226,'Aeon Labs Touch Panel One Button for Micro Switch Black AL-001 BL','EUR','18.95','2017-04-11 03:14:28',1),(227,'Aeon Labs AL001-W-US,White,US,AL001 Aeotec Z-Wave 1-Button Touch Panel for Micros, White, Small','EUR','18.95','2017-04-11 03:14:28',1),(228,'Aeon Labs AL001-B-US,Black,US,AL001 Touch Panel One Button for Micro Switch, White, Small','EUR','18.95','2017-04-11 03:14:28',1),(229,'Aeon Labs AL001-W-US,White,US,AL001 Aeotec Z-Wave 1-Button Touch Panel for Micros, White, Small by Aeon Labs','EUR','18.95','2017-04-11 03:14:28',1),(230,'Aeon Labs Touch Panel One Button for Micro Switch Black AL-001 BL by Aeon Labs','EUR','18.95','2017-04-11 03:14:28',1),(231,'Aeon Labs AL001-B-US,Black,US,AL001 Touch Panel One Button for Micro Switch, White, Small by Aeon Labs','EUR','18.95','2017-04-11 03:14:28',1),(232,'Aeotec by Aeon Labs ZW130-A WallMote Quad','EUR','59.95','2017-04-11 03:14:28',1),(233,'Aeotec by Aeon Labs DSB45 Water Sensor, Small, White','EUR','45','2017-04-11 03:14:28',1),(234,'Aeotec by Aeon Labs DSB45 Water Sensor, Small, White by Aeon Labs','EUR','45','2017-04-11 03:14:28',1),(235,'Water Sensor','EUR','45','2017-04-11 03:14:28',1),(236,'Aeotec by Aeon Labs ZW090 Z Stick, Small, White','EUR','49.95','2017-04-11 03:14:28',1),(237,'Aeon Labs Aeotec Z-Wave Z-Stick, Gen5 (ZW090) by Aeon Labs','EUR','49.95','2017-04-11 03:14:28',1),(238,'Aeon Labs USB Stick mit eingebauter Batterie GEN5 - Z-WavePlus','EUR','49.95','2017-04-11 03:14:28',1),(239,'Z-Stick Gen5','EUR','49.95','2017-04-11 03:14:28',1),(240,'Aeon Labs DSA02203-ZWUS Z-Wave Z-Stick Series 2 USB Dongle','EUR','49.95','2017-04-11 03:14:28',1),(241,'Z-Stick S2 by Aeotec','EUR','49.95','2017-04-11 03:14:28',1),(242,'Aeon Labs Z-Stick S2','EUR','49.95','2017-04-11 03:14:28',1),(243,'Aeotec by Aeon Labs ZW120 Door / Window Sensor, Small, White by Aeon Labs','£','26','2017-04-11 03:14:52',1),(244,' Aeon ZW120 Gen5 Sensor Tür und Fenster – Weiß','£','26','2017-04-11 03:14:52',1),(245,' AEON ZW120 Gen5 Door and Window Sensor - White','£','26','2017-04-11 03:14:52',1),(246,'Aeotec by Aeon Labs ZW112 Door / Window Sensor, Small, White','£','39.99','2017-04-11 03:14:52',1),(247,'AEON ZW112 Door/Window Sensor 6 - White','£','39.99','2017-04-11 03:14:52',1),(248,'Aeotec by Aeon Labs ZW056 Doorbell, Small, White ','£','39.95','2017-04-11 03:14:52',1),(249,'Aeotec by Aeon Labs ZW097 Dry Contact Sensor, Small, White','£','39.95','2017-04-11 03:14:52',1),(250,'Aeotec by Aeon Labs ZW097 Dry Contact Sensor, Small, White by Aeon Labs','£','39.95','2017-04-11 03:14:52',1),(251,'Aeotec by Aeon Labs ZW097 Dry Contact Sensor, Small, White by Aeon Labs','£','39.95','2017-04-11 03:14:52',1),(252,'Aeon Labs Garage Door Controller GEN5 Z-Wave-Plus, 1 Stück, AEOEZW062','£','84.99','2017-04-11 03:14:52',1),(253,'Aeotec by Aeon Labs ZW062-C Gen5 Garage Door Controller - White','£','84.99','2017-04-11 03:14:52',1),(258,'Aeon Labs ZW095-A - Z-Wave Plus - Home Energy Meter - Gen 5 by Aeon Labs','£','89.95','2017-04-11 03:14:52',1),(259,'Aeotec by Aeon Labs DSB28-ZWUS Home Energy Meter 2E by Aeon Labs','£','89.95','2017-04-11 03:14:52',1),(260,'Aeon Labs Home Energy Meter 2E-DSB28-3P4,60A Z-wave Plus by Aeotec','£','84.95','2017-04-11 03:14:52',1),(261,'Aeotec by Aeon Labs DSB28-ZWUS Home Energy Meter 2E by Aeon Labs','£','89.95','2017-04-11 03:14:52',1),(262,'Aeotec by Aeon Labs DSB28-ZWUS Home Energy Meter 2E','£','89.95','2017-04-11 03:14:52',1),(264,'Home Energy Meter (2nd Edition) 1clamp 60A','£','69.95','2017-04-11 03:14:52',1),(265,'Home Energy Meter (2nd Edition) 3clamps 100A','£','94.95','2017-04-11 03:14:52',1),(266,'Home Energy Meter (2nd Edition) 2clamps 100A','£','84.95','2017-04-11 03:14:52',1),(267,'Home Energy Meter (2nd Edition) 1clamp 100A','£','74.95','2017-04-11 03:14:52',1),(268,'Aeon Labs ZW078-A,White,V3.26,US,AL001 Zw078-A Z-Wave Heavy Duty Smart Energy Appliance Switch, Small','£','79.95','2017-04-11 03:14:52',1),(269,'Aeon Labs ZW078-A,White,V3.26,US,AL001 Zw078-A Z-Wave Heavy Duty Smart Energy Appliance Switch, Small','£','79.95','2017-04-11 03:14:52',1),(270,'Z-Wave Aeon Labs Heavy Duty Switch, AEO_HDS','£','79.95','2017-04-11 03:14:52',1),(271,'Heavy Duty Smart Switch Gen5 by Aeotec','£','79.95','2017-04-11 03:14:52',1),(272,'Heavy Duty Smart Switch Gen5','£','79.95','2017-04-11 03:14:52',1),(273,'Aeon Labs ZW088-A,Black,US,AL001 Aeotec Z-Wave Key Fob, Gen5, Black, Small','£','29.95','2017-04-11 03:14:52',1),(274,'Aeon Labs ZW088-A,Black,US,AL001 Aeotec Z-Wave Key Fob, Gen5, Black, Small by Aeon Labs','£','29.95','2017-04-11 03:14:52',1),(275,'Aeotec KeyFob remote control ZW088-C - Z-Wave Plus','£','29.95','2017-04-11 03:14:52',1),(276,'Aeotec by Aeon Labs ZW098 Aeon Labs LED Bulb, Small, White','£','39.95','2017-04-11 03:14:52',1),(277,'Aeotec LED RGBW ZW098-C55 Glühbirne - Z-Wave Plus','£','39.95','2017-04-11 03:14:52',1),(278,'LED Bulb by Aeotec','£','39.95','2017-04-11 03:14:52',1),(279,'LED Bulb','£','39.95','2017-04-11 03:14:52',1),(280,'Aeotec ZW098-C48 Z-Wave RGB LED Bulb B22d','£','39.95','2017-04-11 03:14:52',1),(281,'Aeon Labs Aeotec DSC 17103 - ZWUS Micro Double Switch by Aeotec','£','39.95','2017-04-11 03:14:52',1),(284,'Aeotec Z-Wave Micro Dimmer, 2nd edition','£','29.95','2017-04-11 03:14:52',1),(285,'Z-Wave Aeon Labs Micro Module Dimmer, AEO_MEI','£','29.95','2017-04-11 03:14:52',1),(286,'Aeon Labs DSC27103-ZWUS,White, US,AL001 Aeotec Z-Wave Micro Dimmer, 2Nd Edition (Dsc27103-Zwus), Small, White by Aeon Labs','£','29.95','2017-04-11 03:14:52',1),(287,'Aeon Labs DSC19103-ZWUS Aeotec Z-Wave Micro Smart Energy Dimmer, 2nd Edition by Aeotec','£','33','2017-04-11 03:14:52',1),(288,'Micro Smart Dimmer (2nd Edition) by Aeon Labs','£','33','2017-04-11 03:14:52',1),(289,'Aeotec by Aeon Labs DSC19103 Micro Smart Dimmer, Small, White by Aeon Labs','£','33','2017-04-11 03:14:52',1),(291,'Micro Smart Dimmer (2nd Edition)','£','33','2017-04-11 03:14:52',1),(292,'Aeotec Z-Wave Micro Dimmer, 2nd edition by Aeon Labs','£','29.95','2017-04-11 03:14:52',1),(293,'Aeon Labs DSC18103-ZWUS,White,US,AL001 Aeotec Z-Wave Micro Smart Energy Switch, 2nd Edition, White, Small','£','33','2017-04-11 03:14:52',1),(295,'Aeon Labs DSC18103-ZWUS,White,US,AL001 Aeotec Z-Wave Micro Smart Energy Switch, 2nd Edition, White, Small','£','33','2017-04-11 03:14:52',1),(297,'Aeon Labs DSA03202W-ZWUS,White, US,AL001 Dsa03202 V1 - Z-Wave Minimote, Small, White','£','37','2017-04-11 03:14:52',1),(298,'Aeotec by Aeon Labs DSA03202W Black Minimote, Small, Black','£','37','2017-04-11 03:14:52',1),(299,'Aeon Labs DSA03202W-ZWUS,White, US,AL001 Dsa03202 V1 - Z-Wave Minimote, Small, White by Aeon Labs','£','37','2017-04-11 03:14:52',1),(301,'Aeon Labs DSA03202 v1 - Z-Wave Minimote by Aeon Labs','£','37','2017-04-11 03:14:52',1),(303,'Aeotec by Aeon Labs DSA03202W Black Minimote, Small, Black by Aeon Labs','£','37','2017-04-11 03:14:52',1),(304,'Aeon Labs DSA03202 v1 - Z-Wave Minimote - by Aeon Labs','£','37','2017-04-11 03:14:52',1),(305,'Minimote by Aeotec','£','37','2017-04-11 03:14:52',1),(306,'Minimote','£','37','2017-04-11 03:14:52',1),(309,'Aeotec by Aeon Labs DSC19103 Micro Smart Dimmer, Small, White','£','33','2017-04-11 03:14:52',1),(310,'2 X Aeotec By Aeon Labs Gen5 Z-wave Plus 6-in-1 Multisensor 6 ZW100-A','£','39.95','2017-04-11 03:14:52',1),(311,'Aeon Labs Aeotec Z-Wave Gen5 Multi-Sensor (Z-Wave Plus)','£','34.95','2017-04-11 03:14:52',1),(312,'Aeon Labs MultiSensor Gen5 by Aeon Labs','£','34.95','2017-04-11 03:14:52',1),(313,'Aeon Multi Sensor Gen5','£','34.95','2017-04-11 03:14:52',1),(316,'Aeon Labs MultiSensor Gen5','£','34.95','2017-04-11 03:14:52',1),(317,'Aeon Labs Multisensor 6 RECESSOR DSE010 by Aeon Labs','£','9.99','2017-04-11 03:14:52',1),(318,'Aeotec by Aeon Labs DSE010 Multisensor 6 Recessor, Small, White by Aeon Labs','£','9.99','2017-04-11 03:14:52',1),(319,'Aeon Labs Multisensor 6 - Z-Wave Plus','£','39.95','2017-04-11 03:14:52',1),(320,'Aeotec by Aeon Labs DSE010 Multisensor 6 Recessor, Small, White','£','9.99','2017-04-11 03:14:52',1),(321,'Aeotec by Aeon Labs DSE010 MultiSensor 6 Recessor - White','£','9.99','2017-04-11 03:14:52',1),(323,'Aeotec by Aeon Labs ZW111-C Z-Wave Plus Nano In-Wall Dimmer Lighting Controller - White','£','48','2017-04-11 03:14:52',1),(324,'Aeon Labs DSA38-ZWUS,Black,US,AL001 Wave Panic Button, Black, Small','£','29.95','2017-04-11 03:14:52',1),(325,'Aeon Labs Panic Button Z-Wave','£','29.95','2017-04-11 03:14:52',1),(326,'Aeon Labs DSA38-ZWUS,Black,US,AL001 Wave Panic Button, Black, Small by Aeon Labs','£','39.95','2017-04-11 03:14:52',1),(327,'Aeon Labs Panic Button Z-Wave by Aeon Labs','£','29.95','2017-04-11 03:14:52',1),(328,'Z-Wave Aeontec Panic Button, Ein-Knopf-Fernbedienung, 1 Stück, AEO_PANIC','£','29.95','2017-04-11 03:14:52',1),(329,'Panic Button','£','29.95','2017-04-11 03:14:52',1),(330,'Aeon Labs Range Extender 6 GEN5 - Z-WavePlus','£','29','2017-04-11 03:14:52',1),(331,'Range Extender','£','29','2017-04-11 03:14:52',1),(332,'AEON DSD37 Range Extender Z-Wave Repeater - White','£','29','2017-04-11 03:14:52',1),(333,'Aeon Labs Recessed Door Sensor Gen5','£','29.95','2017-04-11 03:14:52',1),(334,'Recessed Door Sensor Gen5 by Aeon Labs','£','29.95','2017-04-11 03:14:52',1),(335,'Siren Gen5, ZW080-A17, by Aeotec, Cert ID: ZC10-14090012','£','39.95','2017-04-11 03:14:52',1),(336,'Siren Gen5','£','39.95','2017-04-11 03:14:52',1),(337,'Aeon Labs ZW099-A02 Smart Dimmer 6 Gen5, White','£','39.95','2017-04-11 03:14:52',1),(338,'Z-Wave Aeontec Smart Dimmer with Energy Measurement Function and LED 6 mm (1), AEOEZW099 EU','£','39.95','2017-04-11 03:14:52',1),(339,'Aeon Labs ZW099-A02 Smart Dimmer 6 Gen5, White by Aeon Labs','£','39.95','2017-04-11 03:14:52',1),(340,'Aeotec by Aeon Labs ZW096 Smart Switch, Small, White','£','39.95','2017-04-11 03:14:52',1),(342,'Aeon Labs Aeotec Z-Wave Smart Switch 6, Gen5 by Aeon Labs','£','39.95','2017-04-11 03:14:52',1),(343,'Aeon Labs Smart Switch 6 Z-Wave Plus GEN5 ZW096-A02','£','39.95','2017-04-11 03:14:52',1),(347,'Aeon Labs Touch Panel One Button for Micro Switch Black AL-001 BL','£','12.95','2017-04-11 03:14:52',1),(348,'Aeon Labs AL001-W-US,White,US,AL001 Aeotec Z-Wave 1-Button Touch Panel for Micros, White, Small','£','12.95','2017-04-11 03:14:52',1),(349,'Aeon Labs AL001-B-US,Black,US,AL001 Touch Panel One Button for Micro Switch, White, Small','£','12.95','2017-04-11 03:14:52',1),(350,'Aeon Labs AL001-W-US,White,US,AL001 Aeotec Z-Wave 1-Button Touch Panel for Micros, White, Small by Aeon Labs','£','12.95','2017-04-11 03:14:52',1),(351,'Aeon Labs Touch Panel One Button for Micro Switch Black AL-001 BL by Aeon Labs','£','12.95','2017-04-11 03:14:52',1),(352,'Aeon Labs AL001-B-US,Black,US,AL001 Touch Panel One Button for Micro Switch, White, Small by Aeon Labs','£','12.95','2017-04-11 03:14:52',1),(353,'Aeotec by Aeon Labs ZW130-A WallMote Quad','£','49.99','2017-04-11 03:14:52',1),(354,'Aeotec by Aeon Labs DSB45 Water Sensor, Small, White','£','35','2017-04-11 03:14:52',1),(355,'Aeotec by Aeon Labs DSB45 Water Sensor, Small, White by Aeon Labs','£','35','2017-04-11 03:14:52',1),(356,'Water Sensor','£','35','2017-04-11 03:14:52',1),(357,'Aeotec by Aeon Labs ZW090 Z Stick, Small, White','£','34.95','2017-04-11 03:14:52',1),(358,'Aeon Labs Aeotec Z-Wave Z-Stick, Gen5 (ZW090) by Aeon Labs','£','34.95','2017-04-11 03:14:52',1),(359,'Aeon Labs USB Stick mit eingebauter Batterie GEN5 - Z-WavePlus','£','34.95','2017-04-11 03:14:52',1),(360,'Z-Stick Gen5','£','34.95','2017-04-11 03:14:52',1),(361,'Aeon Labs DSA02203-ZWUS Z-Wave Z-Stick Series 2 USB Dongle','£','34.95','2017-04-11 03:14:52',1),(362,'Z-Stick S2 by Aeotec','£','34.95','2017-04-11 03:14:52',1),(363,'Aeon Labs Z-Stick S2','£','34.95','2017-04-11 03:14:52',1);
/*!40000 ALTER TABLE `minimum_price` ENABLE KEYS */;
UNLOCK TABLES;

--
-- Table structure for table `node`
--

DROP TABLE IF EXISTS `node`;
/*!40101 SET @saved_cs_client     = @@character_set_client */;
/*!40101 SET character_set_client = utf8 */;
CREATE TABLE `node` (
  `id` int(10) unsigned NOT NULL AUTO_INCREMENT,
  `name` varchar(60) DEFAULT NULL COMMENT '节点名称',
  `controller` varchar(60) DEFAULT NULL COMMENT '控制器',
  `action` varchar(50) DEFAULT NULL COMMENT '方法',
  `level` tinyint(1) NOT NULL DEFAULT '0' COMMENT '层级',
  `p_id` int(10) unsigned NOT NULL DEFAULT '0',
  `sort_` int(10) unsigned DEFAULT '99' COMMENT '节点排序',
  `path` varchar(15) DEFAULT NULL COMMENT '节点列表排序',
  `add_time` timestamp NULL DEFAULT CURRENT_TIMESTAMP COMMENT '添加时间',
  `status` tinyint(1) unsigned NOT NULL DEFAULT '1' COMMENT '状态0为删除，1为正常',
  PRIMARY KEY (`id`)
) ENGINE=MyISAM AUTO_INCREMENT=69 DEFAULT CHARSET=utf8 COMMENT='节点表(node table)';
/*!40101 SET character_set_client = @saved_cs_client */;

--
-- Dumping data for table `node`
--

LOCK TABLES `node` WRITE;
/*!40000 ALTER TABLE `node` DISABLE KEYS */;
INSERT INTO `node` VALUES (1,'节点管理','Node','',0,0,1,'1_','2016-11-01 05:36:59',1),(2,'节点列表','Node','index',1,1,1,'1_2_','2016-11-01 05:37:37',1),(3,'网站管理','Web','',0,0,2,'3_','2016-11-01 06:23:36',1),(4,'网站信息','Web','info',1,3,1,'3_4_','2016-11-01 06:27:22',1),(8,'访问列表','Web','visit',1,3,3,'3_8_','2016-11-01 06:54:06',1),(6,'角色分配','Web','role',1,3,2,'3_6_','2016-11-01 06:31:17',1),(9,'系统管理','System','',0,0,3,'9_','2016-11-01 06:55:18',1),(10,'操作日志列表','System','log',1,9,1,'9_10_','2016-11-01 06:55:58',1),(26,'用户管理','User','',0,0,3,'26_','2016-11-02 00:53:28',1),(27,'前台用户管理','User','index',1,26,1,'26_27_','2016-11-02 00:54:51',1),(28,'后台用户管理','User','adminIndex',1,26,2,'26_28_','2016-11-02 00:55:23',1),(30,'登录日志列表','System','loginLog',1,9,2,'9_20_','2016-11-02 01:12:28',1),(31,'过期图片','System','invalidImg',1,9,3,'9_31_','2016-11-02 01:53:53',1),(37,'banner','Web','banner',1,3,4,'3_37_','2016-11-04 05:46:55',1),(48,'ceshi','Sa','',0,0,5,'48_','2017-02-08 10:15:34',0),(49,'Amazon evaluation','UrlCont','',0,0,5,'49_','2017-03-30 06:15:21',1),(50,'Need to grab the Amazon','UrlCont','index',1,49,6,'49_50_','2017-03-30 06:16:13',1),(51,'Minimum price limit ','MinimumPrice','',0,0,7,'51_','2017-03-30 09:55:45',1),(52,'Ceshi_1','Ceshi1','',0,0,8,'52_','2017-03-30 10:00:51',0),(53,'测试2_index','Ceshi1','index',1,54,1,'52_53_','2017-03-30 10:01:34',0),(54,'Ceshi_2','Ceshi2','',0,0,10,'54_','2017-03-30 10:01:55',0),(55,'Ceshi_1_demo','Ceshi1','demo',1,52,11,'52_55_','2017-03-30 10:03:03',0),(56,'Ceshi_1_ord','Ceshi1','index_ord',1,52,12,'52_56_','2017-03-30 10:04:46',0),(57,'Ceshi_1_sort','Ceshi1','ceshi_sort',1,52,13,'52_57_','2017-03-30 10:07:14',0),(58,'Ceshi_1_sort_2','Ceshi1','sort_2',1,52,2,'52_58_','2017-03-30 10:14:15',0),(59,'测试1_index2','Ceshi','',0,0,13,'59_','2017-03-31 00:45:22',0),(60,'Ceshi_1_sort_1','Ceshi','sss',1,59,4,'59_60_','2017-03-31 00:45:50',0),(61,'Reseller list','MinimumPrice','resellerList',1,51,1,'51_61_','2017-03-31 01:03:39',1),(62,'Product list','MinimumPrice','productList',1,51,2,'51_62_','2017-03-31 01:04:17',1),(63,'Currency list','MinimumPrice','currencyList',1,51,3,'51_63_','2017-03-31 01:05:25',1),(64,'Minimum price list','MinimumPrice','mPriceList',1,51,4,'51_64_','2017-03-31 01:06:23',1),(65,'Send warning list','MinimumPrice','noticeList',1,51,6,'51_65_','2017-03-31 01:07:31',1),(66,'测试','Ceshi','',0,0,15,'66_','2017-04-01 00:28:41',0),(67,'测试1_indexd','Ceshi','ceshi_indexda',1,66,232,'66_67_','2017-04-01 00:29:15',0),(68,'Product price list URL','MinimumPrice','productUrlList',1,51,5,'51_68_','2017-04-01 06:09:08',1);
/*!40000 ALTER TABLE `node` ENABLE KEYS */;
UNLOCK TABLES;

--
-- Table structure for table `product_url_list`
--

DROP TABLE IF EXISTS `product_url_list`;
/*!40101 SET @saved_cs_client     = @@character_set_client */;
/*!40101 SET character_set_client = utf8 */;
CREATE TABLE `product_url_list` (
  `id` int(11) unsigned NOT NULL AUTO_INCREMENT COMMENT '产品销售url列表id列表id',
  `product_url` varchar(150) NOT NULL COMMENT '需要抓取的产品列表url',
  `add_time` timestamp NOT NULL DEFAULT CURRENT_TIMESTAMP COMMENT '添加时间',
  `status` tinyint(1) NOT NULL DEFAULT '1',
  PRIMARY KEY (`id`)
) ENGINE=MyISAM AUTO_INCREMENT=207 DEFAULT CHARSET=utf8 COMMENT='产品销售url列表';
/*!40101 SET character_set_client = @saved_cs_client */;

--
-- Dumping data for table `product_url_list`
--

LOCK TABLES `product_url_list` WRITE;
/*!40000 ALTER TABLE `product_url_list` DISABLE KEYS */;
INSERT INTO `product_url_list` VALUES (1,'https://www.amazon.co.uk/gp/offer-listing/B0171GLI5Q/ref=sr_1_1_olp?s=diy&ie=UTF8&qid=1491894131&sr=1-1&keywords=AEON+ZW120+Gen5+Door+and+Window+Senso','2017-04-11 06:58:06',1),(2,'https://www.amazon.de/gp/offer-listing/B0171GLI5Q/ref=sr_1_1_olp?ie=UTF8&qid=1491894292&sr=8-1&keywords=+Aeon+ZW120+Gen5+Sensor+T%C3%BCr+und+Fenster+%','2017-04-11 06:59:50',1),(3,'https://www.amazon.com/gp/offer-listing/B0162179UO/ref=sr_1_1_olp?s=electronics&ie=UTF8&qid=1491894394&sr=8-1&keywords=2+X+Aeotec+By+Aeon+Labs+Gen5+Z-','2017-04-11 07:08:12',1),(4,'https://www.amazon.co.uk/gp/offer-listing/B00PEW9R6W/ref=sr_1_1_olp?s=diy&ie=UTF8&qid=1491894459&sr=1-1&keywords=AEON+DSD37+Range+Extender+Z-Wave+Repe','2017-04-11 07:08:15',1),(5,'https://www.amazon.com/gp/offer-listing/B01NBYH8ND/ref=sr_1_1_olp?ie=UTF8&qid=1491894549&sr=8-1&keywords=Aeon+Labs+Aeotec+DSC+17103+-+ZWUS+Micro+Doubl','2017-04-11 07:09:40',1),(6,'https://www.amazon.com/gp/offer-listing/B00S68NUSW/ref=sr_1_1_olp?ie=UTF8&qid=1491894621&sr=8-1&keywords=Aeon+Labs+Aeotec+Z-Wave+Gen5+Multi-Sensor+%28','2017-04-11 07:10:43',1),(7,'https://www.amazon.com/gp/offer-listing/B016T9KBF4/ref=sr_1_3_olp?ie=UTF8&qid=1491894678&sr=8-3&keywords=Aeon+Labs+Aeotec+Z-Wave+Smart+Energy+Power+St','2017-04-11 07:16:36',1),(8,'https://www.amazon.co.uk/gp/offer-listing/B01MRNYOY6/ref=sr_1_4_olp?s=diy&ie=UTF8&qid=1491894938&sr=1-4&keywords=Aeon+Labs+Aeotec+Z-Wave+Smart+Switch+','2017-04-11 07:16:56',1),(9,'https://www.amazon.de/gp/offer-listing/B01MTR3XS9/ref=sr_1_1_olp?ie=UTF8&qid=1491894941&sr=8-1&keywords=Aeon+Labs+Aeotec+Z-Wave+Smart+Switch+6%2C+Gen5','2017-04-11 07:16:58',1),(10,'https://www.amazon.com/gp/offer-listing/B0113IXM4I/ref=sr_1_1_olp?ie=UTF8&qid=1491894945&sr=8-1&keywords=Aeon+Labs+Aeotec+Z-Wave+Smart+Switch+6%2C+Gen','2017-04-11 07:17:42',1),(11,'https://www.amazon.com/gp/offer-listing/B00VQISOCG/ref=sr_1_2_olp?ie=UTF8&qid=1491894945&sr=8-2&keywords=Aeon+Labs+Aeotec+Z-Wave+Smart+Switch+6%2C+Gen','2017-04-11 07:17:55',1),(12,'https://www.amazon.com/gp/offer-listing/B00VQISOCG/ref=olp_page_2?ie=UTF8&f_new=true&qid=1491894945&sr=8-2&startIndex=10','2017-04-11 07:18:03',1),(13,'https://www.amazon.com/gp/offer-listing/B01MRNYOY6/ref=sr_1_3_olp?ie=UTF8&qid=1491894945&sr=8-3&keywords=Aeon+Labs+Aeotec+Z-Wave+Smart+Switch+6%2C+Gen','2017-04-11 07:18:24',1),(14,'https://www.amazon.co.uk/gp/offer-listing/B00X0AWA6E/ref=sr_1_1_olp?s=diy&ie=UTF8&qid=1491895131&sr=1-1&keywords=Aeon+Labs+Aeotec+Z-Wave+Z-Stick%2C+Ge','2017-04-11 07:19:13',1),(15,'https://www.amazon.co.uk/gp/offer-listing/B01IU70VP8/ref=sr_1_2_olp?s=diy&ie=UTF8&qid=1491895131&sr=1-2&keywords=Aeon+Labs+Aeotec+Z-Wave+Z-Stick%2C+Ge','2017-04-11 07:19:25',1),(16,'https://www.amazon.de/gp/offer-listing/B00X0AWA6E/ref=sr_1_1_olp?ie=UTF8&qid=1491895132&sr=8-1&keywords=Aeon+Labs+Aeotec+Z-Wave+Z-Stick%2C+Gen5+%28ZW0','2017-04-11 07:19:35',1),(17,'https://www.amazon.de/gp/offer-listing/B01IU70VP8/ref=sr_1_2_olp?ie=UTF8&qid=1491895132&sr=8-2&keywords=Aeon+Labs+Aeotec+Z-Wave+Z-Stick%2C+Gen5+%28ZW0','2017-04-11 07:19:49',1),(18,'https://www.amazon.com/gp/offer-listing/B00X0AWA6E/ref=olp_f_new?ie=UTF8&f_new=true&qid=1491895136&sr=8-1','2017-04-11 07:20:15',1),(19,'https://www.amazon.com/gp/offer-listing/B00X0AWA6E/ref=olp_page_2?ie=UTF8&f_new=true&qid=1491895136&sr=8-1&startIndex=10','2017-04-11 07:20:42',1),(20,'Aeon Labs Aeotec Z-Wave Z-Stick, Gen5 (ZW090) by Aeon Labs','2017-04-11 07:23:16',1),(21,'https://www.amazon.com/gp/offer-listing/B01N4F7ENM/ref=sr_1_2_olp?ie=UTF8&qid=1491895259&sr=8-2&keywords=Aeon+Labs+AL001-B-US%2CBlack%2CUS%2CAL001+Tou','2017-04-11 07:23:29',1),(22,'https://www.amazon.com/gp/offer-listing/B01IU6XPPM/ref=sr_1_3_olp?ie=UTF8&qid=1491895259&sr=8-3&keywords=Aeon+Labs+AL001-B-US%2CBlack%2CUS%2CAL001+Tou','2017-04-11 07:24:58',1),(23,'https://www.amazon.de/gp/offer-listing/B01IU6XPPM/ref=sr_1_2_olp?ie=UTF8&qid=1491895264&sr=8-2&keywords=Aeon+Labs+AL001-B-US%2CBlack%2CUS%2CAL001+Touc','2017-04-11 07:26:30',1),(24,'https://www.amazon.de/gp/offer-listing/B01IU6XPPM/ref=sr_1_2_olp?ie=UTF8&qid=1491895535&sr=8-2&keywords=Aeon+Labs+AL001-B-US%2CBlack%2CUS%2CAL001+Touc','2017-04-11 07:26:38',1),(25,'https://www.amazon.com/gp/offer-listing/B01N4F7ENM/ref=sr_1_2_olp?ie=UTF8&qid=1491895570&sr=8-2&keywords=Aeon+Labs+AL001-B-US%2CBlack%2CUS%2CAL001+Tou','2017-04-11 07:26:49',1),(26,'https://www.amazon.com/gp/offer-listing/B01IU6XPPM/ref=sr_1_3_olp?ie=UTF8&qid=1491895603&sr=8-3&keywords=Aeon+Labs+AL001-B-US%2CBlack%2CUS%2CAL001+Tou','2017-04-11 07:27:23',1),(27,'https://www.amazon.co.uk/gp/offer-listing/B01MRNYMDS/ref=sr_1_1_olp?s=diy&ie=UTF8&qid=1491895624&sr=1-1&keywords=Aeon+Labs+AL001-W-US%2CWhite%2CUS%2CA','2017-04-11 07:28:04',1),(28,'https://www.amazon.de/gp/offer-listing/B01MRNYMDS/ref=sr_1_1_olp?ie=UTF8&qid=1491895629&sr=8-1&keywords=Aeon+Labs+AL001-W-US%2CWhite%2CUS%2CAL001+Aeot','2017-04-11 07:28:07',1),(29,'https://www.amazon.com/gp/offer-listing/B00W7LRW6U/ref=olp_f_new?ie=UTF8&f_new=true&qid=1491895631&sr=8-1','2017-04-11 07:28:54',1),(30,'https://www.amazon.com/gp/offer-listing/B01LXI1Z9P/ref=sr_1_2_olp?ie=UTF8&qid=1491895631&sr=8-2&keywords=Aeon+Labs+AL001-W-US%2CWhite%2CUS%2CAL001+Aeo','2017-04-11 07:31:30',1),(31,'https://www.amazon.com/gp/offer-listing/B003MWQ30E/ref=sr_1_sc_1_olp?ie=UTF8&qid=1491895867&sr=8-1-spell&keywords=Aeon+Labs+DSA02203-ZWUS+Z-Wave+Z-Sti','2017-04-11 07:32:37',1),(32,'https://www.amazon.co.uk/gp/offer-listing/B01NBB45ZV/ref=sr_1_2_olp?s=diy&ie=UTF8&qid=1491895921&sr=1-2&keywords=Aeon+Labs+DSA03202+v1+-+Z-Wave+Minimo','2017-04-11 07:32:50',1),(33,'https://www.amazon.co.uk/gp/offer-listing/B01LZ55D32/ref=sr_1_4_olp?s=diy&ie=UTF8&qid=1491895961&sr=1-4&keywords=Aeon+Labs+DSA03202+v1+-+Z-Wave+Minimo','2017-04-11 07:32:59',1),(34,'https://www.amazon.de/gp/offer-listing/B01MQX8NRI/ref=sr_1_1_olp?ie=UTF8&qid=1491895925&sr=8-1&keywords=Aeon+Labs+DSA03202+v1+-+Z-Wave+Minimote+-+by+A','2017-04-11 07:33:17',1),(35,'https://www.amazon.de/gp/offer-listing/B01NBB45ZV/ref=sr_1_3_olp?ie=UTF8&qid=1491895982&sr=8-3&keywords=Aeon+Labs+DSA03202+v1+-+Z-Wave+Minimote+-+by+A','2017-04-11 07:33:38',1),(36,'https://www.amazon.com/gp/offer-listing/B007J26PIS/ref=olp_f_new?ie=UTF8&f_new=true&qid=1491895929&sr=8-1','2017-04-11 07:34:06',1),(37,'https://www.amazon.com/gp/offer-listing/B01NBL8E7P/ref=sr_1_3_olp?ie=UTF8&qid=1491895929&sr=8-3&keywords=Aeon+Labs+DSA03202+v1+-+Z-Wave+Minimote+-+by+','2017-04-11 07:34:15',1),(38,'https://www.amazon.com/gp/offer-listing/B01LZ55D32/ref=sr_1_4_olp?ie=UTF8&qid=1491895929&sr=8-4&keywords=Aeon+Labs+DSA03202+v1+-+Z-Wave+Minimote+-+by+','2017-04-11 07:36:53',1),(39,'https://www.amazon.co.uk/gp/offer-listing/B01NBB44TU/ref=sr_1_1_olp?s=diy&ie=UTF8&qid=1491896202&sr=1-1&keywords=Aeon+Labs+DSA38-ZWUS%2CBlack%2CUS%2CA','2017-04-11 07:37:08',1),(40,'https://www.amazon.co.uk/gp/offer-listing/B00PJ88FUA/ref=sr_1_4_olp?s=diy&ie=UTF8&qid=1491896219&sr=1-4&keywords=Aeon+Labs+DSA38-ZWUS%2CBlack%2CUS%2CA','2017-04-11 07:37:16',1),(41,'https://www.amazon.de/gp/offer-listing/B01NBB44TU/ref=sr_1_1_olp?ie=UTF8&qid=1491896199&sr=8-1&keywords=Aeon+Labs+DSA38-ZWUS%2CBlack%2CUS%2CAL001+Wave','2017-04-11 07:37:25',1),(42,'https://www.amazon.de/gp/offer-listing/B00PJ88FUA/ref=sr_1_3_olp?ie=UTF8&qid=1491896240&sr=8-3&keywords=Aeon+Labs+DSA38-ZWUS%2CBlack%2CUS%2CAL001+Wave','2017-04-11 07:37:41',1),(43,'https://www.amazon.com/gp/offer-listing/B00PJ88FUA/ref=olp_f_new?ie=UTF8&f_new=true&qid=1491896194&sr=8-1','2017-04-11 07:37:59',1),(44,'https://www.amazon.com/gp/offer-listing/B01LYH9MNB/ref=sr_1_2_olp?ie=UTF8&qid=1491896268&sr=8-2&keywords=Aeon+Labs+DSA38-ZWUS%2CBlack%2CUS%2CAL001+Wav','2017-04-11 07:38:51',1),(45,'https://www.amazon.co.uk/gp/offer-listing/B01LZFW84Q/ref=sr_1_1_olp?s=diy&ie=UTF8&qid=1491896313&sr=1-1&keywords=Aeon+Labs+DSC11-ZWUS%2CWhite%2C+US%2C','2017-04-11 07:39:10',1),(46,'https://www.amazon.co.uk/gp/offer-listing/B01MTR3YZ0/ref=sr_1_2_olp?s=diy&ie=UTF8&qid=1491896313&sr=1-2&keywords=Aeon+Labs+DSC11-ZWUS%2CWhite%2C+US%2C','2017-04-11 07:39:23',1),(47,'https://www.amazon.de/gp/offer-listing/B01MTR3YZ0/ref=sr_1_2_olp?ie=UTF8&qid=1491896310&sr=8-2&keywords=Aeon+Labs+DSC11-ZWUS%2CWhite%2C+US%2CAL001+Aeo','2017-04-11 07:39:32',1),(48,'https://www.amazon.com/gp/offer-listing/B01IU7564O/ref=sr_1_1_olp?ie=UTF8&qid=1491896306&sr=8-1&keywords=Aeon+Labs+DSC11-ZWUS%2CWhite%2C+US%2CAL001+Ae','2017-04-11 07:40:44',1),(49,'https://www.amazon.com/gp/offer-listing/B008VWAPU4/ref=sr_1_1_olp?ie=UTF8&qid=1491896388&sr=8-1&keywords=Aeon+Labs+DSC18103-ZWUS%2CWhite%2CUS%2CAL001+','2017-04-11 07:41:24',1),(50,'https://www.amazon.de/gp/offer-listing/B008VWAPU4/ref=sr_1_1_olp?ie=UTF8&qid=1491896460&sr=8-1&keywords=Aeon+Labs+DSC18103-ZWUS%2CWhite%2CUS%2CAL001+A','2017-04-11 07:42:59',1),(51,'https://www.amazon.co.uk/gp/offer-listing/B01LYHSGV0/ref=sr_1_1_olp?s=diy&ie=UTF8&qid=1491896571&sr=1-1&keywords=Aeon+Labs+DSC27103-ZWUS%2CWhite%2C+US','2017-04-11 07:43:11',1),(52,'https://www.amazon.co.uk/gp/offer-listing/B00IRI1CEK/ref=sr_1_2_olp?s=diy&ie=UTF8&qid=1491896584&sr=1-2&keywords=Aeon+Labs+DSC27103-ZWUS%2CWhite%2C+US','2017-04-11 07:43:18',1),(53,'https://www.amazon.de/gp/offer-listing/B00IRI1CEK/ref=sr_1_1_olp?ie=UTF8&qid=1491896568&sr=8-1&keywords=Aeon+Labs+DSC27103-ZWUS%2CWhite%2C+US%2CAL001+','2017-04-11 07:43:35',1),(54,'https://www.amazon.com/gp/offer-listing/B00IRI1CEK/ref=sr_1_1_olp?ie=UTF8&qid=1491896565&sr=8-1&keywords=Aeon+Labs+DSC27103-ZWUS%2CWhite%2C+US%2CAL001','2017-04-11 07:43:47',1),(55,'https://www.amazon.com/gp/offer-listing/B01LYHSGV0/ref=sr_1_2_olp?ie=UTF8&qid=1491896621&sr=8-2&keywords=Aeon+Labs+DSC27103-ZWUS%2CWhite%2C+US%2CAL001','2017-04-11 07:46:06',1),(56,'https://www.amazon.de/gp/offer-listing/B01E4AGEM4/ref=sr_1_1_olp?ie=UTF8&qid=1491896744&sr=8-1&keywords=Aeon+Labs+Garage+Door+Controller+GEN5+Z-Wave-P','2017-04-11 07:46:15',1),(57,'https://www.amazon.de/gp/offer-listing/B01E4AGEM4/ref=olp_page_2?ie=UTF8&f_new=true&qid=1491896744&sr=8-1&startIndex=10','2017-04-11 07:46:57',1),(58,'https://www.amazon.co.uk/gp/offer-listing/B00PF10D42/ref=sr_1_1_olp?s=diy&ie=UTF8&qid=1491896802&sr=1-1&keywords=Aeon+Labs+Home+Energy+Meter+2E-DSB28-','2017-04-11 07:47:06',1),(59,'https://www.amazon.de/gp/offer-listing/B01MUHN910/ref=sr_1_1_olp?ie=UTF8&qid=1491896796&sr=8-1&keywords=Aeon+Labs+Home+Energy+Meter+2E-DSB28-3P4%2C60A','2017-04-11 07:48:21',1),(60,'https://www.amazon.com/gp/offer-listing/B0162179UO/ref=sr_1_2_olp?ie=UTF8&qid=1491896852&sr=8-2&keywords=Aeon+Labs+Multisensor+6+-+Z-Wave+Plus&conditi','2017-04-11 07:48:29',1),(61,'https://www.amazon.co.uk/gp/offer-listing/B0141FQDJQ/ref=olp_f_new?ie=UTF8&f_new=true&qid=1491896845&sr=1-1','2017-04-11 07:54:43',1),(62,'https://www.amazon.com/gp/offer-listing/B017DV4OV4/ref=sr_1_1_olp?ie=UTF8&qid=1491896935&sr=8-1&keywords=Aeon+Labs+Multisensor+6+RECESSOR+DSE010+by+Ae','2017-04-11 07:55:03',1),(63,'https://www.amazon.com/gp/offer-listing/B01N6I3AIJ/ref=sr_1_2_olp?ie=UTF8&qid=1491896935&sr=8-2&keywords=Aeon+Labs+Multisensor+6+RECESSOR+DSE010+by+Ae','2017-04-11 07:55:12',1),(64,'https://www.amazon.com/gp/offer-listing/B01LXT9N5T/ref=sr_1_3_olp?ie=UTF8&qid=1491896935&sr=8-3&keywords=Aeon+Labs+Multisensor+6+RECESSOR+DSE010+by+Ae','2017-04-11 07:55:25',1),(65,'https://www.amazon.de/gp/offer-listing/B01NBB44WA/ref=sr_1_3_olp?ie=UTF8&qid=1491896930&sr=8-3&keywords=Aeon+Labs+Multisensor+6+RECESSOR+DSE010+by+Aeo','2017-04-11 07:56:13',1),(66,'https://www.amazon.co.uk/gp/offer-listing/B01NBB44WA/ref=sr_1_2_olp?s=electronics&ie=UTF8&qid=1491896928&sr=8-2&keywords=Aeon+Labs+Multisensor+6+RECES','2017-04-11 07:56:54',1),(67,'https://www.amazon.com/gp/offer-listing/B0162179UO/ref=sr_1_1_olp?ie=UTF8&qid=1491897393&sr=8-1&keywords=Aeon+Labs+MultiSensor+Gen5&condition=new','2017-04-11 07:57:18',1),(68,'https://www.amazon.com/gp/offer-listing/B00S68NUSW/ref=olp_f_used?ie=UTF8&f_new=true&qid=1491897393&sr=8-2','2017-04-11 07:57:21',1),(69,'https://www.amazon.de/gp/offer-listing/B00UGAJMDK/ref=sr_1_1_olp?ie=UTF8&qid=1491897390&sr=8-1&keywords=Aeon+Labs+MultiSensor+Gen5&condition=new','2017-04-11 07:57:47',1),(70,'https://www.amazon.de/gp/offer-listing/B00UGAJMDK/ref=olp_page_2?ie=UTF8&f_new=true&qid=1491897390&sr=8-1&startIndex=10','2017-04-11 07:57:56',1),(71,'https://www.amazon.de/gp/offer-listing/B00UGAJMDK/ref=olp_page_3?ie=UTF8&f_new=true&qid=1491897390&sr=8-1&startIndex=20','2017-04-11 07:58:08',1),(72,'https://www.amazon.co.uk/gp/offer-listing/B00UGAJMDK/ref=sr_1_2_olp?ie=UTF8&qid=1491897388&sr=8-2&keywords=Aeon+Labs+MultiSensor+Gen5&condition=new','2017-04-11 07:58:22',1),(73,'https://www.amazon.co.uk/gp/offer-listing/B01MZGVPKO/ref=sr_1_3_olp?ie=UTF8&qid=1491897388&sr=8-3&keywords=Aeon+Labs+MultiSensor+Gen5&condition=new','2017-04-11 08:01:10',1),(74,'https://www.amazon.de/gp/offer-listing/B00XI47HXS/ref=sr_1_2_olp?ie=UTF8&qid=1491897625&sr=8-2&keywords=Aeon+Labs+Panic+Button+Z-Wave','2017-04-11 08:01:24',1),(75,'https://www.amazon.de/gp/offer-listing/B00XI47HXS/ref=olp_page_2?ie=UTF8&qid=1491897625&sr=8-2&startIndex=10','2017-04-11 08:01:41',1),(76,'https://www.amazon.co.uk/gp/offer-listing/B00XI47HXS/ref=sr_1_1_olp?ie=UTF8&qid=1491897622&sr=8-1&keywords=Aeon+Labs+Panic+Button+Z-Wave','2017-04-11 08:02:13',1),(77,'https://www.amazon.com/gp/offer-listing/B00PJ88FUA/ref=olp_f_new?ie=UTF8&f_new=true&qid=1491897753&sr=8-1','2017-04-11 08:03:07',1),(78,'https://www.amazon.com/gp/offer-listing/B00D3CUAMA/ref=sr_1_2_olp?ie=UTF8&qid=1491897779&sr=8-2&keywords=Aeon+Labs+Panic+Button+Z-Wave&condition=new','2017-04-11 08:03:37',1),(79,'https://www.amazon.com/gp/offer-listing/B01LZRP6DM/ref=sr_1_3_olp?ie=UTF8&qid=1491897791&sr=8-3&keywords=Aeon+Labs+Panic+Button+Z-Wave&condition=new','2017-04-11 08:04:28',1),(80,'https://www.amazon.de/gp/offer-listing/B017DV586Y/ref=sr_1_1_olp?ie=UTF8&qid=1491897835&sr=8-1&keywords=Aeon+Labs+Range+Extender+6+GEN5+-+Z-WavePlus&c','2017-04-11 08:04:40',1),(81,'https://www.amazon.de/gp/offer-listing/B017DV586Y/ref=olp_page_2?ie=UTF8&f_new=true&qid=1491897835&sr=8-1&startIndex=10','2017-04-11 08:05:42',1),(82,'https://www.amazon.co.uk/gp/offer-listing/B00SX9WGWK/ref=olp_f_new?ie=UTF8&f_new=true&qid=1491897900&sr=8-1','2017-04-11 08:06:18',1),(83,'https://www.amazon.com/gp/offer-listing/B0113IXM4I/ref=sr_1_1_olp?ie=UTF8&qid=1491897964&sr=8-1&keywords=Aeon+Labs+Smart+Switch+6+Z-Wave+Plus+GEN5+ZW0','2017-04-11 08:06:46',1),(84,'https://www.amazon.com/gp/offer-listing/B00GL6B4GG/ref=sr_1_1_olp?ie=UTF8&qid=1491897990&sr=8-1&keywords=Aeon+Labs+Touch+Panel+One+Button+for+Micro+Sw','2017-04-11 08:06:58',1),(85,'https://www.amazon.com/gp/offer-listing/B01LZS4JX0/ref=sr_1_2_olp?ie=UTF8&qid=1491897990&sr=8-2&keywords=Aeon+Labs+Touch+Panel+One+Button+for+Micro+Sw','2017-04-11 08:07:06',1),(86,'https://www.amazon.de/gp/offer-listing/B01LZS4JX0/ref=sr_1_1_olp?ie=UTF8&qid=1491897992&sr=8-1&keywords=Aeon+Labs+Touch+Panel+One+Button+for+Micro+Swi','2017-04-11 08:07:19',1),(87,'https://www.amazon.co.uk/gp/offer-listing/B01LZS4JX0/ref=sr_1_1_olp?ie=UTF8&qid=1491897995&sr=8-1&keywords=Aeon+Labs+Touch+Panel+One+Button+for+Micro+','2017-04-11 08:08:36',1),(88,'https://www.amazon.com/gp/offer-listing/B00X0AWA6E/ref=olp_f_new?ie=UTF8&f_new=true&qid=1491898078&sr=8-1-fkmr0','2017-04-11 08:09:04',1),(89,'https://www.amazon.com/gp/offer-listing/B003MWQ30E/ref=sr_1_fkmr0_2_olp?ie=UTF8&qid=1491898135&sr=8-2-fkmr0&keywords=Aeon+Labs+USB+Stick+mit+eingebaut','2017-04-11 08:09:16',1),(90,'https://www.amazon.com/gp/offer-listing/B01IU70VP8/ref=sr_1_fkmr0_3_olp?ie=UTF8&qid=1491898150&sr=8-3-fkmr0&keywords=Aeon+Labs+USB+Stick+mit+eingebaut','2017-04-11 08:09:25',1),(91,'https://www.amazon.de/gp/offer-listing/B00YETCNOE/ref=sr_1_1_olp?ie=UTF8&qid=1491898081&sr=8-1&keywords=Aeon+Labs+USB+Stick+mit+eingebauter+Batterie+G','2017-04-11 08:09:34',1),(92,'https://www.amazon.de/gp/offer-listing/B00YETCNOE/ref=olp_page_2?ie=UTF8&f_new=true&qid=1491898081&sr=8-1&startIndex=10','2017-04-11 08:09:42',1),(93,'https://www.amazon.de/gp/offer-listing/B00YETCNOE/ref=olp_page_3?ie=UTF8&f_new=true&qid=1491898081&sr=8-1&startIndex=20','2017-04-11 08:10:03',1),(94,'https://www.amazon.co.uk/gp/offer-listing/B00YETCNOE/ref=olp_f_new?ie=UTF8&f_new=true&qid=1491898100&sr=8-1-fkmr0','2017-04-11 08:10:16',1),(95,'https://www.amazon.co.uk/gp/offer-listing/B00E965Q9G/ref=sr_1_fkmr0_3_olp?ie=UTF8&qid=1491898100&sr=8-3-fkmr0&keywords=Aeon+Labs+USB+Stick+mit+eingeba','2017-04-11 08:10:25',1),(96,'https://www.amazon.co.uk/gp/offer-listing/B00X0AWA6E/ref=sr_1_fkmr0_4_olp?ie=UTF8&qid=1491898100&sr=8-4-fkmr0&keywords=Aeon+Labs+USB+Stick+mit+eingeba','2017-04-11 08:11:06',1),(97,'https://www.amazon.co.uk/gp/offer-listing/B00E965Q9G/ref=sr_1_2_olp?ie=UTF8&qid=1491898238&sr=8-2&keywords=Aeon+Labs+Z-Stick+S2&condition=new','2017-04-11 08:11:24',1),(98,'https://www.amazon.co.uk/gp/offer-listing/B00YETCNOE/ref=olp_f_new?ie=UTF8&f_new=true&qid=1491898238&sr=8-3','2017-04-11 08:12:06',1),(99,'https://www.amazon.co.uk/gp/offer-listing/B01MZGQ6D6/ref=sr_1_4_olp?ie=UTF8&qid=1491898238&sr=8-4&keywords=Aeon+Labs+Z-Stick+S2&condition=new','2017-04-11 08:12:42',1),(100,'https://www.amazon.com/gp/offer-listing/B003MWQ30E/ref=sr_1_1_olp?ie=UTF8&qid=1491898244&sr=8-1&keywords=Aeon+Labs+Z-Stick+S2&condition=new','2017-04-11 08:13:49',1),(101,'https://www.amazon.co.uk/gp/offer-listing/B01NCAHYOO/ref=sr_1_1_olp?ie=UTF8&qid=1491898409&sr=8-1&keywords=Aeon+Labs+ZW088-A%2CBlack%2CUS%2CAL001+Aeot','2017-04-11 08:14:12',1),(102,'https://www.amazon.de/gp/offer-listing/B01NCAHYOO/ref=sr_1_1_olp?ie=UTF8&qid=1491898406&sr=8-1&keywords=Aeon+Labs+ZW088-A%2CBlack%2CUS%2CAL001+Aeotec+','2017-04-11 08:14:28',1),(103,'https://www.amazon.com/gp/offer-listing/B00M3NKFHA/ref=olp_f_new?ie=UTF8&f_new=true&qid=1491898393&sr=8-1','2017-04-11 08:14:41',1),(104,'https://www.amazon.com/gp/offer-listing/B01M1DY8AK/ref=sr_1_3_olp?ie=UTF8&qid=1491898393&sr=8-3&keywords=Aeon+Labs+ZW088-A%2CBlack%2CUS%2CAL001+Aeotec','2017-04-11 08:14:49',1),(105,'https://www.amazon.com/gp/offer-listing/B01MZ101SB/ref=sr_1_2_olp?ie=UTF8&qid=1491898393&sr=8-2&keywords=Aeon+Labs+ZW088-A%2CBlack%2CUS%2CAL001+Aeotec','2017-04-11 08:15:52',1),(106,'https://www.amazon.com/gp/offer-listing/B01IU76EUY/ref=sr_1_1_olp?ie=UTF8&qid=1491898542&sr=8-1&keywords=Aeon+Labs+ZW095-A+-+Z-Wave+Plus+-+Home+Energy','2017-04-11 08:16:01',1),(107,'https://www.amazon.de/gp/offer-listing/B01IU76EUY/ref=sr_1_1_olp?ie=UTF8&qid=1491898539&sr=8-1&keywords=Aeon+Labs+ZW095-A+-+Z-Wave+Plus+-+Home+Energy+','2017-04-11 08:16:10',1),(108,'https://www.amazon.co.uk/gp/offer-listing/B00XD8WZX6/ref=sr_1_fkmr0_1_olp?ie=UTF8&qid=1491898536&sr=8-1-fkmr0&keywords=Aeon+Labs+ZW095-A+-+Z-Wave+Plus','2017-04-11 08:17:04',1),(109,'https://www.amazon.co.uk/gp/offer-listing/B01MU1VGD9/ref=sr_1_2_olp?ie=UTF8&qid=1491898583&sr=8-2&keywords=Aeon+Labs+ZW099-A02+Smart+Dimmer+6+Gen5%2C+','2017-04-11 08:17:14',1),(110,'https://www.amazon.de/gp/offer-listing/B01MU1VGD9/ref=sr_1_1_olp?ie=UTF8&qid=1491898587&sr=8-1&keywords=Aeon+Labs+ZW099-A02+Smart+Dimmer+6+Gen5%2C+Whi','2017-04-11 08:17:22',1),(111,'https://www.amazon.com/gp/offer-listing/B01B8CIVXQ/ref=olp_f_new?ie=UTF8&f_new=true&qid=1491898589&sr=8-1','2017-04-11 08:18:17',1),(112,'https://www.amazon.com/gp/offer-listing/B00S68NUSW/ref=sr_1_1_olp?ie=UTF8&qid=1491898661&sr=8-1&keywords=Aeon+Multi+Sensor+Gen5&condition=used','2017-04-11 08:18:33',1),(113,'https://www.amazon.com/gp/offer-listing/B0162179UO/ref=sr_1_2_olp?ie=UTF8&qid=1491898704&sr=8-2&keywords=Aeon+Multi+Sensor+Gen5&condition=new','2017-04-11 08:18:38',1),(114,'https://www.amazon.de/gp/offer-listing/B00UGAJMDK/ref=sr_1_1_olp?ie=UTF8&qid=1491898664&sr=8-1&keywords=Aeon+Multi+Sensor+Gen5&condition=new','2017-04-11 08:19:01',1),(115,'https://www.amazon.de/gp/offer-listing/B00UGAJMDK/ref=olp_page_2?ie=UTF8&f_new=true&qid=1491898722&sr=8-1&startIndex=10','2017-04-11 08:19:10',1),(116,'https://www.amazon.de/gp/offer-listing/B00UGAJMDK/ref=olp_page_3?ie=UTF8&f_new=true&qid=1491898722&sr=8-1&startIndex=20','2017-04-11 08:20:27',1),(117,'https://www.amazon.co.uk/gp/offer-listing/B016ZV42GU/ref=sr_1_1_olp?ie=UTF8&qid=1491898805&sr=8-1&keywords=aeon+zw112+door%2Fwindow+sensor+6+-+white&c','2017-04-11 08:20:39',1),(118,'https://www.amazon.com/gp/offer-listing/B01E0OMQR6/ref=sr_1_1_olp?ie=UTF8&qid=1491898814&sr=8-1&keywords=aeon+zw112+door%2Fwindow+sensor+6+-+white&con','2017-04-11 08:21:16',1),(119,'https://www.amazon.co.uk/gp/offer-listing/B01MU1VFP8/ref=sr_1_2_olp?ie=UTF8&qid=1491898865&sr=8-2&keywords=Aeotec+by+Aeon+Labs+DSA03202W+Black+Minimot','2017-04-11 08:21:26',1),(120,'https://www.amazon.de/gp/offer-listing/B01MU1VFP8/ref=sr_1_1_olp?ie=UTF8&qid=1491898860&sr=8-1&keywords=Aeotec+by+Aeon+Labs+DSA03202W+Black+Minimote%2','2017-04-11 08:21:34',1),(121,'https://www.amazon.com/gp/offer-listing/B007J26P2Y/ref=sr_1_1_olp?ie=UTF8&qid=1491898858&sr=8-1&keywords=Aeotec+by+Aeon+Labs+DSA03202W+Black+Minimote%','2017-04-11 08:22:06',1),(122,'https://www.amazon.co.uk/gp/offer-listing/B01MTR40OS/ref=sr_1_2_olp?ie=UTF8&qid=1491898916&sr=8-2&keywords=Aeotec+by+Aeon+Labs+DSB28-ZWUS+Home+Energy+','2017-04-11 08:22:14',1),(123,'https://www.amazon.de/gp/offer-listing/B01MTR40OS/ref=sr_1_1_olp?ie=UTF8&qid=1491898919&sr=8-1&keywords=Aeotec+by+Aeon+Labs+DSB28-ZWUS+Home+Energy+Met','2017-04-11 08:22:31',1),(124,'https://www.amazon.com/gp/offer-listing/B0151Z3FB4/ref=olp_f_new?ie=UTF8&f_new=true&qid=1491898914&sr=8-1','2017-04-11 08:23:19',1),(125,'https://www.amazon.com/gp/offer-listing/B00DIBSKFU/ref=olp_f_new?ie=UTF8&f_new=true&qid=1491898914&sr=8-2','2017-04-11 08:23:27',1),(126,'https://www.amazon.com/gp/offer-listing/B00DIBSKFU/ref=olp_page_2?ie=UTF8&f_new=true&qid=1491898914&sr=8-2&startIndex=10','2017-04-11 08:23:42',1),(127,'https://www.amazon.com/gp/offer-listing/B01MTR40OS/ref=sr_1_3_olp?ie=UTF8&qid=1491898914&sr=8-3&keywords=Aeotec+by+Aeon+Labs+DSB28-ZWUS+Home+Energy+Me','2017-04-11 08:23:51',1),(128,'https://www.amazon.com/gp/offer-listing/B01NBL7YUQ/ref=sr_1_4_olp?ie=UTF8&qid=1491898914&sr=8-4&keywords=Aeotec+by+Aeon+Labs+DSB28-ZWUS+Home+Energy+Me','2017-04-11 08:24:32',1),(129,'https://www.amazon.co.uk/gp/offer-listing/B01MSPN1MC/ref=sr_1_2_olp?ie=UTF8&qid=1491899053&sr=8-2&keywords=Aeotec+by+Aeon+Labs+DSB45+Water+Sensor%2C+S','2017-04-11 08:24:42',1),(130,'https://www.amazon.de/gp/offer-listing/B01MSPN1MC/ref=sr_1_1_olp?ie=UTF8&qid=1491899049&sr=8-1&keywords=Aeotec+by+Aeon+Labs+DSB45+Water+Sensor%2C+Smal','2017-04-11 08:24:58',1),(131,'https://www.amazon.com/gp/offer-listing/B00H3TJ3P4/ref=olp_f_new?ie=UTF8&f_new=true&qid=1491899047&sr=8-1','2017-04-11 08:26:05',1),(132,'https://www.amazon.com/gp/offer-listing/B00H3RL6JW/ref=olp_f_new?ie=UTF8&f_new=true&qid=1491899125&sr=8-1','2017-04-11 08:26:44',1),(133,'https://www.amazon.co.uk/gp/offer-listing/B00JGSDL1C/ref=olp_f_new?ie=UTF8&f_new=true&qid=1491899184&sr=8-1','2017-04-11 08:27:00',1),(134,'https://www.amazon.co.uk/gp/offer-listing/B01N1TJI9F/ref=sr_1_2_olp?ie=UTF8&qid=1491899212&sr=8-2&keywords=Aeotec+by+Aeon+Labs+DSC19103+Micro+Smart+Di','2017-04-11 08:27:08',1),(135,'https://www.amazon.de/gp/offer-listing/B01N1TJI9F/ref=sr_1_1_olp?ie=UTF8&qid=1491899187&sr=8-1&keywords=Aeotec+by+Aeon+Labs+DSC19103+Micro+Smart+Dimme','2017-04-11 08:27:23',1),(136,'https://www.amazon.com/gp/offer-listing/B00IRQC7O6/ref=olp_f_new?ie=UTF8&f_new=true&qid=1491899191&sr=8-1','2017-04-11 08:28:31',1),(137,'https://www.amazon.com/gp/offer-listing/B0182XG27Q/ref=sr_1_1_olp?ie=UTF8&qid=1491899297&sr=8-1&keywords=Aeotec+by+Aeon+Labs+ZW056+Doorbell%2C+Small%2','2017-04-11 08:29:01',1),(138,'https://www.amazon.co.uk/gp/offer-listing/B01E4AGEM4/ref=sr_1_1_olp?ie=UTF8&qid=1491899326&sr=8-1&keywords=Aeotec+by+Aeon+Labs+ZW062-C+Gen5+Garage+Doo','2017-04-11 08:29:43',1),(139,'https://www.amazon.com/gp/offer-listing/B00X0AWA6E/ref=olp_f_new?ie=UTF8&f_new=true&qid=1491899366&sr=8-1','2017-04-11 08:29:53',1),(140,'https://www.amazon.com/gp/offer-listing/B00X0AWA6E/ref=olp_page_2?ie=UTF8&f_new=true&qid=1491899366&sr=8-1&startIndex=10','2017-04-11 08:31:16',1),(141,'https://www.amazon.co.uk/gp/offer-listing/B01MQMM5AJ/ref=sr_1_2_olp?ie=UTF8&qid=1491899458&sr=8-2&keywords=Aeotec+by+Aeon+Labs+ZW097+Dry+Contact+Senso','2017-04-11 08:31:29',1),(142,'https://www.amazon.de/gp/offer-listing/B01MQMM5AJ/ref=sr_1_1_olp?ie=UTF8&qid=1491899461&sr=8-1&keywords=Aeotec+by+Aeon+Labs+ZW097+Dry+Contact+Sensor%2','2017-04-11 08:31:38',1),(143,'https://www.amazon.com/gp/offer-listing/B0155HSUUY/ref=sr_1_1_olp?ie=UTF8&qid=1491899468&sr=8-1&keywords=Aeotec+by+Aeon+Labs+ZW097+Dry+Contact+Sensor%','2017-04-11 08:32:27',1),(144,'https://www.amazon.com/gp/offer-listing/B00VQISQW4/ref=sr_1_1_olp?ie=UTF8&qid=1491899527&sr=8-1&keywords=Aeotec+by+Aeon+Labs+ZW098+Aeon+Labs+LED+Bulb%','2017-04-11 08:35:34',1),(145,'https://www.amazon.com/gp/offer-listing/B01E0OMQR6/ref=sr_1_1_olp?ie=UTF8&qid=1491899622&sr=8-1&keywords=Aeotec+by+Aeon+Labs+ZW112+Door+%2F+Window+Sen','2017-04-11 08:36:36',1),(146,'https://www.amazon.com/gp/offer-listing/B01N0HDZVY/ref=sr_1_2_olp?ie=UTF8&qid=1491899783&sr=8-2&keywords=Aeotec+by+Aeon+Labs+ZW112+Door+%2F+Window+Sen','2017-04-11 08:36:46',1),(147,'https://www.amazon.de/gp/offer-listing/B01N0HDZVY/ref=sr_1_1_olp?ie=UTF8&qid=1491899619&sr=8-1&keywords=Aeotec+by+Aeon+Labs+ZW112+Door+%2F+Window+Sens','2017-04-11 08:36:56',1),(148,'https://www.amazon.co.uk/gp/offer-listing/B016ZV42GU/ref=sr_1_1_olp?ie=UTF8&qid=1491899609&sr=8-1&keywords=Aeotec+by+Aeon+Labs+ZW112+Door+%2F+Window+S','2017-04-11 08:37:06',1),(149,'https://www.amazon.co.uk/gp/offer-listing/B01N0HDZVY/ref=sr_1_3_olp?ie=UTF8&qid=1491899820&sr=8-3&keywords=Aeotec+by+Aeon+Labs+ZW112+Door+%2F+Window+S','2017-04-11 08:39:09',1),(150,'https://www.amazon.co.uk/gp/offer-listing/B00SX9YBVE/ref=sr_1_1_olp?ie=UTF8&qid=1491899918&sr=8-1&keywords=Aeotec+KeyFob+remote+control+ZW088-C+-+Z-Wa','2017-04-11 08:39:54',1),(151,'https://www.amazon.de/gp/offer-listing/B0117ZX936/ref=sr_1_1_olp?ie=UTF8&qid=1491899976&sr=8-1&keywords=Aeotec+LED+RGBW+ZW098-C55+Gl%C3%BChbirne+-+Z-W','2017-04-11 08:40:15',1),(152,'https://www.amazon.com/gp/offer-listing/B00VQISQW4/ref=sr_1_fkmr0_1_olp?ie=UTF8&qid=1491900004&sr=8-1-fkmr0&keywords=Aeotec+LED+RGBW+ZW098-C55+Gl%C3%B','2017-04-11 08:42:13',1),(153,'https://www.amazon.co.uk/gp/offer-listing/B00JGSDJ8W/ref=sr_1_1_olp?ie=UTF8&qid=1491900115&sr=8-1&keywords=Aeotec+Z-Wave+Micro+Dimmer%2C+2nd+edition&c','2017-04-11 08:43:27',1),(154,'https://www.amazon.co.uk/gp/offer-listing/B00JGSDJ8W/ref=sr_1_1_olp?ie=UTF8&qid=1491900175&sr=8-1&keywords=Aeotec+Z-Wave+Micro+Dimmer%2C+2nd+edition&c','2017-04-11 08:43:48',1),(155,'https://www.amazon.co.uk/gp/offer-listing/B00JGSDL1C/ref=olp_f_new?ie=UTF8&f_new=true&qid=1491900211&sr=8-2','2017-04-11 08:44:12',1),(156,'https://www.amazon.co.uk/gp/offer-listing/B01LYHSGV0/ref=sr_1_3_olp?ie=UTF8&qid=1491900235&sr=8-3&keywords=Aeotec+Z-Wave+Micro+Dimmer%2C+2nd+edition&c','2017-04-11 08:44:26',1),(157,'https://www.amazon.de/gp/offer-listing/B00IRI1CEK/ref=sr_1_1_olp?ie=UTF8&qid=1491900118&sr=8-1&keywords=Aeotec+Z-Wave+Micro+Dimmer%2C+2nd+edition&cond','2017-04-11 08:44:37',1),(158,'https://www.amazon.de/gp/offer-listing/B00JGSDJKU/ref=sr_1_3_olp?ie=UTF8&qid=1491900270&sr=8-3&keywords=Aeotec+Z-Wave+Micro+Dimmer%2C+2nd+edition&cond','2017-04-11 08:44:46',1),(159,'https://www.amazon.de/gp/offer-listing/B01N29CPRN/ref=sr_1_4_olp?ie=UTF8&qid=1491900280&sr=8-4&keywords=Aeotec+Z-Wave+Micro+Dimmer%2C+2nd+edition&cond','2017-04-11 08:44:54',1),(160,'https://www.amazon.com/gp/offer-listing/B00IRI1CEK/ref=sr_1_1_olp?ie=UTF8&qid=1491900122&sr=8-1&keywords=Aeotec+Z-Wave+Micro+Dimmer%2C+2nd+edition&con','2017-04-11 08:45:04',1),(161,'https://www.amazon.com/gp/offer-listing/B008VWAPU4/ref=sr_1_2_olp?ie=UTF8&qid=1491900298&sr=8-2&keywords=Aeotec+Z-Wave+Micro+Dimmer%2C+2nd+edition&con','2017-04-11 08:45:29',1),(162,'https://www.amazon.com/gp/offer-listing/B01LYHSGV0/ref=sr_1_4_olp?ie=UTF8&qid=1491900307&sr=8-4&keywords=Aeotec+Z-Wave+Micro+Dimmer%2C+2nd+edition&con','2017-04-11 08:46:13',1),(163,'https://www.amazon.co.uk/gp/offer-listing/B0170AXEYG/ref=sr_1_1_olp?ie=UTF8&qid=1491900351&sr=8-1&keywords=Aeotec+ZW098-C48+Z-Wave+RGB+LED+Bulb+B22d','2017-04-11 08:46:47',1),(164,'https://www.amazon.com/gp/offer-listing/B00MBIRF5W/ref=olp_f_new?ie=UTF8&f_new=true&qid=1491900392&sr=8-1','2017-04-11 08:47:03',1),(165,'https://www.amazon.co.uk/gp/offer-listing/B00QGSB4S2/ref=sr_1_1_olp?ie=UTF8&qid=1491900387&sr=8-1&keywords=Heavy+Duty+Smart+Switch+Gen5&condition=new','2017-04-11 08:48:10',1),(166,'https://www.amazon.co.uk/gp/offer-listing/B00PF13T4S/ref=sr_1_1_olp?ie=UTF8&qid=1491900469&sr=8-1&keywords=Home+Energy+Meter+%282nd+Edition%29+1clamp+','2017-04-11 08:49:29',1),(167,'https://www.amazon.co.uk/gp/offer-listing/B00XUSDCCW/ref=sr_1_1_olp?ie=UTF8&qid=1491900523&sr=8-1&keywords=Home+Energy+Meter+%282nd+Edition%29+2clamps','2017-04-11 08:50:43',1),(168,'https://www.amazon.com/gp/offer-listing/B00VQISQW4/ref=sr_1_1_olp?ie=UTF8&qid=1491900617&sr=8-1&keywords=LED+Bulb+by+Aeotec&condition=new','2017-04-11 08:50:59',1),(169,'https://www.amazon.com/Aeotec-Aeon-Labs-Brightening-Atmosphere/dp/B01MRROSHG/ref=sr_1_2?ie=UTF8&qid=1491900649&sr=8-2&keywords=LED+Bulb+by+Aeotec','2017-04-11 08:51:12',1),(170,'https://www.amazon.de/gp/offer-listing/B0117ZX936/ref=sr_1_1_olp?ie=UTF8&qid=1491900626&sr=8-1&keywords=LED+Bulb+by+Aeotec&condition=new','2017-04-11 08:51:21',1),(171,'https://www.amazon.de/gp/offer-listing/B0117ZX936/ref=olp_page_2?ie=UTF8&f_new=true&qid=1491900626&sr=8-1&startIndex=10','2017-04-11 08:51:49',1),(172,'https://www.amazon.co.uk/gp/offer-listing/B0117ZX936/ref=olp_f_new?ie=UTF8&f_new=true&qid=1491900633&sr=8-1','2017-04-11 08:53:49',1),(173,'https://www.amazon.co.uk/gp/offer-listing/B0170AXEYG/ref=sr_1_3_olp?ie=UTF8&qid=1491900633&sr=8-3&keywords=LED+Bulb+by+Aeotec','2017-04-11 08:55:28',1),(174,'https://www.amazon.co.uk/gp/offer-listing/B01MSPN4DD/ref=sr_1_2_olp?ie=UTF8&qid=1491900909&sr=8-2&keywords=Aeotec+by+Aeon+Labs+ZW120+Door+%2F+Window+S','2017-04-11 08:55:38',1),(175,'https://www.amazon.de/gp/offer-listing/B01MSPN4DD/ref=sr_1_1_olp?ie=UTF8&qid=1491900912&sr=8-1&keywords=Aeotec+by+Aeon+Labs+ZW120+Door+%2F+Window+Sens','2017-04-11 08:55:51',1),(176,'https://www.amazon.com/gp/offer-listing/B01GK5D1PE/ref=olp_f_new?ie=UTF8&f_new=true&qid=1491900914&sr=8-1','2017-04-11 08:56:06',1),(177,'https://www.amazon.com/gp/offer-listing/B01MSPN4DD/ref=sr_1_2_olp?ie=UTF8&qid=1491900957&sr=8-2&keywords=Aeotec+by+Aeon+Labs+ZW120+Door+%2F+Window+Sen','2017-04-11 08:59:41',1),(178,'https://www.amazon.co.uk/gp/offer-listing/B00XI47HXS/ref=olp_f_new?ie=UTF8&f_new=true&qid=1491901150&sr=8-1','2017-04-11 08:59:50',1),(179,'https://www.amazon.com/gp/offer-listing/B00PJ88FUA/ref=olp_f_new?ie=UTF8&f_new=true&qid=1491901127&sr=8-1','2017-04-11 09:00:05',1),(180,'https://www.amazon.com/gp/offer-listing/B00D3CUAMA/ref=sr_1_2_olp?ie=UTF8&qid=1491901194&sr=8-2&keywords=aeotec+Panic+Button&condition=new','2017-04-11 09:01:25',1),(181,'https://www.amazon.co.uk/gp/offer-listing/B00PEW9R6W/ref=sr_1_1_olp?ie=UTF8&qid=1491901246&sr=8-1&keywords=aeotec+Range+Extender&condition=new','2017-04-11 09:01:37',1),(182,'https://www.amazon.com/gp/offer-listing/B01M6CKJXC/ref=sr_1_2_olp?ie=UTF8&qid=1491901232&sr=8-2&keywords=aeotec+Range+Extender&condition=new','2017-04-11 09:01:52',1),(183,'https://www.amazon.de/gp/offer-listing/B00PEW9R6W/ref=olp_f_new?ie=UTF8&f_new=true&qid=1491901239&sr=8-1','2017-04-11 09:02:03',1),(184,'https://www.amazon.de/gp/offer-listing/B017DV586Y/ref=sr_1_2_olp?ie=UTF8&qid=1491901316&sr=8-2&keywords=aeotec+Range+Extender&condition=new','2017-04-11 09:02:20',1),(185,'https://www.amazon.de/gp/offer-listing/B017DV586Y/ref=olp_page_2?ie=UTF8&f_new=true&qid=1491901327&sr=8-2&startIndex=10','2017-04-11 09:02:57',1),(186,'https://www.amazon.co.uk/gp/offer-listing/B00SX9WGWK/ref=olp_f_new?ie=UTF8&f_new=true&qid=1491901360&sr=8-1','2017-04-11 09:03:43',1),(187,'https://www.amazon.co.uk/gp/offer-listing/B00P00N2H8/ref=sr_1_1_olp?ie=UTF8&qid=1491901406&sr=8-1&keywords=Siren+Gen5&condition=new','2017-04-11 09:03:55',1),(188,'https://www.amazon.co.uk/gp/offer-listing/B01E4AGEM4/ref=sr_1_2_olp?ie=UTF8&qid=1491901406&sr=8-2&keywords=Siren+Gen5&condition=new','2017-04-11 09:04:05',1),(189,'https://www.amazon.com/gp/offer-listing/B00PKKM2HO/ref=sr_1_1_olp?ie=UTF8&qid=1491901412&sr=8-1&keywords=Siren+Gen5&condition=new','2017-04-11 09:05:28',1),(190,'https://www.amazon.co.uk/gp/offer-listing/B01MSPN1MC/ref=sr_1_2_olp?ie=UTF8&qid=1491901519&sr=8-2&keywords=aeotec+Water+Sensor&condition=new','2017-04-11 09:05:54',1),(191,'https://www.amazon.de/gp/offer-listing/B01MSPN1MC/ref=sr_1_2_olp?ie=UTF8&qid=1491901538&sr=8-2&keywords=aeotec+Water+Sensor&condition=new','2017-04-11 09:06:07',1),(192,'https://www.amazon.com/gp/offer-listing/B00H3TJ3P4/ref=olp_f_new?ie=UTF8&f_new=true&qid=1491901550&sr=8-1','2017-04-11 09:06:18',1),(193,'https://www.amazon.com/gp/offer-listing/B0155HSUUY/ref=sr_1_2_olp?ie=UTF8&qid=1491901573&sr=8-2&keywords=aeotec+Water+Sensor&condition=new','2017-04-11 09:06:35',1),(194,'https://www.amazon.com/gp/offer-listing/B0151YXTO8/ref=sr_1_4_olp?ie=UTF8&qid=1491901583&sr=8-4&keywords=aeotec+Water+Sensor&condition=new','2017-04-11 09:07:14',1),(195,'https://www.amazon.com/gp/offer-listing/B003MWQ30E/ref=sr_1_1_olp?ie=UTF8&qid=1491901618&sr=8-1&keywords=Z-Stick+S2+by+Aeotec&condition=new','2017-04-11 09:07:57',1),(196,'https://www.amazon.de/gp/offer-listing/B00E965Q9G/ref=sr_1_1_olp?ie=UTF8&qid=1491901615&sr=8-1&keywords=Z-Stick+S2+by+Aeotec&condition=new','2017-04-11 09:08:12',1),(197,'https://www.amazon.co.uk/gp/offer-listing/B00YETCNOE/ref=olp_f_new?ie=UTF8&f_new=true&qid=1491901611&sr=8-1','2017-04-11 09:08:20',1),(198,'https://www.amazon.co.uk/gp/offer-listing/B01MZGQ6D6/ref=sr_1_2_olp?ie=UTF8&qid=1491901611&sr=8-2&keywords=Z-Stick+S2+by+Aeotec&condition=new','2017-04-11 09:08:53',1),(199,'https://www.amazon.co.uk/gp/offer-listing/B00QGSB4S2/ref=sr_1_1_olp?ie=UTF8&qid=1491901713&sr=8-1&keywords=Z-Wave+Aeon+Labs+Heavy+Duty+Switch%2C+AEO_H','2017-04-11 09:09:26',1),(200,'https://www.amazon.de/gp/offer-listing/B00QGSB4S2/ref=sr_1_1_olp?ie=UTF8&qid=1491901716&sr=8-1&keywords=Z-Wave+Aeon+Labs+Heavy+Duty+Switch%2C+AEO_HDS&','2017-04-11 09:09:52',1),(201,'https://www.amazon.de/gp/offer-listing/B00JGSDJ8W/ref=sr_1_1_olp?ie=UTF8&qid=1491901777&sr=8-1&keywords=Z-Wave+Aeon+Labs+Micro+Module+Dimmer%2C+AEO_ME','2017-04-11 09:10:00',1),(202,'https://www.amazon.de/gp/offer-listing/B00JGSDJ8W/ref=olp_page_2?ie=UTF8&f_new=true&qid=1491901777&sr=8-1&startIndex=10','2017-04-11 09:10:44',1),(203,'https://www.amazon.co.uk/gp/offer-listing/B00XI47HXS/ref=olp_f_new?ie=UTF8&f_new=true&qid=1491901825&sr=8-1-fkmr0','2017-04-11 09:10:56',1),(204,'https://www.amazon.de/gp/offer-listing/B00XI47HXS/ref=sr_1_1_olp?ie=UTF8&qid=1491901823&sr=8-1&keywords=Z-Wave+Aeontec+Panic+Button%2C+Ein-Knopf-Fernb','2017-04-11 09:11:19',1),(205,'https://www.amazon.co.uk/gp/offer-listing/B016ZWTVMO/ref=sr_1_1_olp?ie=UTF8&qid=1491901872&sr=8-1&keywords=Z-Wave+Aeontec+Smart+Dimmer+with+Energy+Mea','2017-04-11 09:12:20',1),(206,'https://www.amazon.de/gp/offer-listing/B016ZWTVMO/ref=olp_f_new?ie=UTF8&f_new=true&qid=1491901870&sr=8-1-fkmr0','2017-04-11 09:12:23',1);
/*!40000 ALTER TABLE `product_url_list` ENABLE KEYS */;
UNLOCK TABLES;

--
-- Table structure for table `productinfo`
--

DROP TABLE IF EXISTS `productinfo`;
/*!40101 SET @saved_cs_client     = @@character_set_client */;
/*!40101 SET character_set_client = utf8 */;
CREATE TABLE `productinfo` (
  `id` int(10) unsigned NOT NULL AUTO_INCREMENT COMMENT 'id',
  `name` varchar(200) NOT NULL COMMENT '产品名称',
  `last_comment_time` int(11) unsigned NOT NULL COMMENT '最新的评论时间(戳)',
  `svg_star_level` varchar(45) NOT NULL COMMENT '产品平均星级',
  PRIMARY KEY (`id`)
) ENGINE=MyISAM DEFAULT CHARSET=utf8 COMMENT='产品信息表';
/*!40101 SET character_set_client = @saved_cs_client */;

--
-- Dumping data for table `productinfo`
--

LOCK TABLES `productinfo` WRITE;
/*!40000 ALTER TABLE `productinfo` DISABLE KEYS */;
/*!40000 ALTER TABLE `productinfo` ENABLE KEYS */;
UNLOCK TABLES;

--
-- Table structure for table `productlist`
--

DROP TABLE IF EXISTS `productlist`;
/*!40101 SET @saved_cs_client     = @@character_set_client */;
/*!40101 SET character_set_client = utf8 */;
CREATE TABLE `productlist` (
  `id` int(11) unsigned NOT NULL AUTO_INCREMENT COMMENT '产品列表id',
  `name` varchar(150) NOT NULL COMMENT '产品名称',
  `sku` varchar(45) NOT NULL COMMENT '产品型号',
  `add_time` timestamp NOT NULL DEFAULT CURRENT_TIMESTAMP COMMENT '添加时间',
  `status` tinyint(1) NOT NULL DEFAULT '1',
  PRIMARY KEY (`id`)
) ENGINE=MyISAM AUTO_INCREMENT=129 DEFAULT CHARSET=utf8 COMMENT='产品列表';
/*!40101 SET character_set_client = @saved_cs_client */;

--
-- Dumping data for table `productlist`
--

LOCK TABLES `productlist` WRITE;
/*!40000 ALTER TABLE `productlist` DISABLE KEYS */;
INSERT INTO `productlist` VALUES (1,'More buying choices for Aeotec by Aeon Labs ZW120 Door / Window Sensor, Small, White','ZW120','2017-04-10 06:10:41',1),(2,' Aeon ZW120 Gen5 Sensor Tür und Fenster – Weiß','ZW120','2017-04-10 06:13:00',1),(3,' AEON ZW120 Gen5 Door and Window Sensor - White','ZW120','2017-04-10 06:13:22',1),(4,'Aeotec by Aeon Labs ZW112 Door / Window Sensor, Small, White ','ZW112 ','2017-04-10 06:19:01',1),(5,'AEON ZW112 Door/Window Sensor 6 - White ','ZW112','2017-04-10 06:19:46',1),(6,'Aeotec by Aeon Labs ZW056 Doorbell, Small, White ','ZW056','2017-04-10 06:31:32',1),(7,'Aeotec by Aeon Labs ZW097 Dry Contact Sensor, Small, White','ZW097','2017-04-10 06:46:00',1),(8,'Aeotec by Aeon Labs ZW097 Dry Contact Sensor, Small, White by Aeon Labs','ZW097 ','2017-04-10 06:47:11',1),(9,'Aeotec by Aeon Labs ZW097 Dry Contact Sensor, Small, White by Aeon Labs','ZW097','2017-04-10 06:47:48',1),(10,'Aeon Labs Garage Door Controller GEN5 Z-Wave-Plus, 1 Stück, AEOEZW062','ZW062','2017-04-10 06:50:12',1),(11,'Aeotec by Aeon Labs ZW062-C Gen5 Garage Door Controller - White','ZW062','2017-04-10 06:51:49',1),(12,'Aeotec by Aeon Labs DSB28-ZWUS Home Energy Meter 2E','DSB28-ZWUS','2017-04-10 06:56:17',0),(13,'Aeotec by Aeon Labs DSB28-ZWUS Home Energy Meter 2E by Aeon Labs','DSB28-2P200A','2017-04-10 06:57:32',0),(14,'Aeotec by Aeon Labs DSB28-ZWUS Home Energy Meter 2E by Aeon Labs','DSB28-ZWUS','2017-04-10 06:58:47',0),(15,'Aeotec by Aeon Labs ZW095 Home Energy Meter, Small, White','ZW095','2017-04-10 07:48:48',0),(16,'Aeon Labs AEDSB09104ZWUS Aeotec Z-Wave Smart Energy Monitor Meter','DSB09104ZWUS','2017-04-10 07:58:00',1),(17,'Aeotec by Aeon Labs ZW095 Home Energy Meter, Small, White','ZW095','2017-04-10 07:58:37',1),(18,'Aeon Labs DSB09104 - Home Energy Meter (1st Edition) 2-Pack Bundle includes Home Energy Meter (1st Edition) 2-Pack and Beach Camera Microfiber Cloth','DSB09104','2017-04-10 07:59:06',1),(19,'Aeon Labs DSB09104 - Home Energy Meter (1st Edition) 3-Pack Bundle includes Home Energy Meter (1st Edition) 3-Pack and Beach Camera Microfiber Cloth','DSB09104','2017-04-10 08:05:55',1),(20,'Aeon Labs ZW095-A - Z-Wave Plus - Home Energy Meter - Gen 5 by Aeon Labs','ZW095-A','2017-04-10 08:06:23',1),(21,'Aeotec by Aeon Labs DSB28-ZWUS Home Energy Meter 2E by Aeon Labs','DSB28-ZWUS','2017-04-10 08:06:42',1),(22,'Aeon Labs Home Energy Meter 2E-DSB28-3P4,60A Z-wave Plus by Aeotec','2E-DSB28-3P4,60A','2017-04-10 08:07:10',1),(23,'Aeotec by Aeon Labs DSB28-ZWUS Home Energy Meter 2E by Aeon Labs','DSB28-ZWUS','2017-04-10 08:07:36',1),(24,'Aeotec by Aeon Labs DSB28-ZWUS Home Energy Meter 2E','DSB28-ZWUS','2017-04-10 08:07:54',1),(25,'Aeon Labs Home Energy Meter 2E-DSB28-3P4,60A Z-wave Plus by Aeotec','2E-DSB28-3P4,60A','2017-04-10 08:09:51',0),(26,'Aeotec by Aeon Labs ZW095 Home Energy Meter, Small, White by Aeon Labs','ZW095','2017-04-10 08:13:36',0),(27,'Aeotec by Aeon Labs ZW095 Home Energy Meter, Small, White by Aeon Labs','ZW095','2017-04-10 08:23:47',1),(28,'Home Energy Meter (2nd Edition) 1clamp 60A','1clamp','2017-04-10 08:39:42',1),(29,'Home Energy Meter (2nd Edition) 3clamps 100A','3clamps','2017-04-10 08:40:23',1),(30,'Home Energy Meter (2nd Edition) 2clamps 100A','2clamps','2017-04-10 08:42:30',1),(31,'Home Energy Meter (2nd Edition) 1clamp 100A','1clamp','2017-04-10 08:43:02',1),(32,'Aeon Labs ZW078-A,White,V3.26,US,AL001 Zw078-A Z-Wave Heavy Duty Smart Energy Appliance Switch, Small, White','ZW078','2017-04-10 08:51:39',1),(33,'Aeon Labs ZW078-A,White,V3.26,US,AL001 Zw078-A Z-Wave Heavy Duty Smart Energy Appliance Switch, Small, White by Aeon Labs','ZW078','2017-04-10 08:51:58',1),(34,'Z-Wave Aeon Labs Heavy Duty Switch, AEO_HDS','ZW078','2017-04-10 08:52:57',1),(35,'Heavy Duty Smart Switch Gen5 by Aeotec','ZW078','2017-04-10 08:53:16',1),(36,'Heavy Duty Smart Switch Gen5','ZW078','2017-04-10 08:54:03',1),(37,'Aeon Labs ZW088-A,Black,US,AL001 Aeotec Z-Wave Key Fob, Gen5, Black, Small','ZW088','2017-04-10 08:56:37',1),(38,'Aeon Labs ZW088-A,Black,US,AL001 Aeotec Z-Wave Key Fob, Gen5, Black, Small by Aeon Labs','ZW088','2017-04-10 08:56:56',1),(39,'Aeotec KeyFob remote control ZW088-C - Z-Wave Plus','ZW088','2017-04-10 08:57:54',1),(40,'Aeotec by Aeon Labs ZW098 Aeon Labs LED Bulb, Small, White','ZW098','2017-04-10 08:59:36',1),(41,'Aeotec LED RGBW ZW098-C55 Glühbirne - Z-Wave Plus','ZW098','2017-04-10 09:00:13',1),(42,'LED Bulb by Aeotec','ZW098','2017-04-10 09:00:30',1),(43,'LED Bulb','ZW098','2017-04-10 09:00:53',1),(44,'Aeotec ZW098-C48 Z-Wave RGB LED Bulb B22d','ZW098','2017-04-10 09:01:12',1),(45,'Aeon Labs Aeotec DSC 17103 - ZWUS Micro Double Switch by Aeotec','DSC17103','2017-04-10 09:09:25',1),(46,'Aeotec by Aeon Labs DSC14014 Micro Motor Controller, Small, White','DSC14103','2017-04-10 09:12:05',1),(47,'Aeotec by Aeon Labs DSC14014 Micro Motor Controller, Small, White by Aeon Labs','DSC14103','2017-04-10 09:12:22',1),(48,'Aeotec Z-Wave Micro Dimmer, 2nd edition','DSC27103','2017-04-10 09:14:24',1),(49,'Z-Wave Aeon Labs Micro Module Dimmer, AEO_MEI','DSC27103','2017-04-10 09:15:04',1),(50,'Aeon Labs DSC27103-ZWUS,White, US,AL001 Aeotec Z-Wave Micro Dimmer, 2Nd Edition (Dsc27103-Zwus), Small, White by Aeon Labs','DSC27103','2017-04-10 09:15:24',1),(51,'Aeon Labs DSC19103-ZWUS Aeotec Z-Wave Micro Smart Energy Dimmer, 2nd Edition by Aeotec','DSC27103','2017-04-10 09:15:39',1),(52,'Micro Smart Dimmer (2nd Edition) by Aeon Labs','DSC27103','2017-04-10 09:15:59',1),(53,'Aeotec by Aeon Labs DSC19103 Micro Smart Dimmer, Small, White by Aeon Labs','DSC27103','2017-04-10 09:16:17',1),(54,'Aeotec Micro Intelligent Schalter DSC18103-ZWEU (2nd Edition) - Z-Wave Plus','DSC27103','2017-04-10 09:16:34',1),(55,'Micro Smart Dimmer (2nd Edition)','DSC27103','2017-04-10 09:16:59',1),(56,'Aeotec Z-Wave Micro Dimmer, 2nd edition by Aeon Labs','DSC27103','2017-04-10 09:17:13',1),(57,'Aeon Labs DSC18103-ZWUS,White,US,AL001 Aeotec Z-Wave Micro Smart Energy Switch, 2nd Edition, White, Small','DSC26103','2017-04-10 09:19:55',1),(58,'Aeotec Micro SchalteAeotec Micro Schalter DSC26103-ZWEU - Z- Wave','DSC26103','2017-04-10 09:20:38',1),(59,'Aeon Labs DSC18103-ZWUS,White,US,AL001 Aeotec Z-Wave Micro Smart Energy Switch, 2nd Edition, White, Small by Aeon Labs','DSC26103','2017-04-10 09:21:03',1),(60,'Aeotec Micro Smart Switch (2nd Edition) DSC18103-ZWEU - Z-Wave','DSC26103','2017-04-10 09:21:56',1),(61,'Aeon Labs DSA03202W-ZWUS,White, US,AL001 Dsa03202 V1 - Z-Wave Minimote, Small, White','DSA03202B/DSA03202W','2017-04-10 09:23:46',1),(62,'Aeotec by Aeon Labs DSA03202W Black Minimote, Small, Black','DSA03202B/DSA03202W','2017-04-10 09:24:04',1),(63,'Aeon Labs DSA03202W-ZWUS,White, US,AL001 Dsa03202 V1 - Z-Wave Minimote, Small, White by Aeon Labs','DSA03202B/DSA03202W','2017-04-10 09:24:30',1),(64,'Aeotec Minimote-Fernbedienung (schwarz) DSA03202B-ZWEU - Z-Wave','DSA03202B/DSA03202W','2017-04-10 09:26:16',1),(65,'Aeon Labs DSA03202 v1 - Z-Wave Minimote by Aeon Labs','DSA03202B/DSA03202W','2017-04-10 09:26:30',1),(66,'Aeotec Minimote-Fernbedienung (weiß) DSA03202W-ZWEU - Z-Wave','DSA03202B/DSA03202W','2017-04-10 09:26:47',1),(67,'Aeotec by Aeon Labs DSA03202W Black Minimote, Small, Black by Aeon Labs','DSA03202B/DSA03202W','2017-04-10 09:27:27',1),(68,'Aeon Labs DSA03202 v1 - Z-Wave Minimote - by Aeon Labs','DSA03202B/DSA03202W','2017-04-10 09:27:47',1),(69,'  Für eine größere Ansicht klicken Sie auf das Bild \'3 Stück Fernbedienungen &quot;Minimote Z-Wave, weiß – Aeon Labs ','DSA03202B/DSA03202W','2017-04-10 09:28:30',0),(70,'Minimote by Aeotec','DSA03202B/DSA03202W','2017-04-10 09:28:46',1),(71,'Minimote','DSA03202B/DSA03202W','2017-04-10 09:29:05',1),(72,'Set of 3 White – Aeon Labs Z-Wave Minimote, &quot;Remote Control','DSA03202B/DSA03202W','2017-04-10 09:29:19',1),(73,'Aeotec Minimote remote control (Black) DSA03202B-ZWEU - Z-Wave','DSA03202B/DSA03202W','2017-04-10 09:29:42',1),(74,'Aeotec by Aeon Labs DSC19103 Micro Smart Dimmer, Small, White','DSC19103','2017-04-10 09:32:15',1),(75,'2 X Aeotec By Aeon Labs Gen5 Z-wave Plus 6-in-1 Multisensor 6 ZW100-A','ZW074','2017-04-10 09:35:42',1),(76,'Aeon Labs Aeotec Z-Wave Gen5 Multi-Sensor (Z-Wave Plus)','ZW074','2017-04-10 09:35:57',1),(77,'Aeon Labs MultiSensor Gen5 by Aeon Labs','ZW074','2017-04-10 09:36:13',1),(78,'Aeon Multi Sensor Gen5','ZW074','2017-04-10 09:36:32',1),(79,'Aeon Labs Starter Pack: 2 x Bewegungssensor Gen5 1 x Z-Stick S2 … (x2 MultiSensor G5 1x Z-Stick S2)','ZW074','2017-04-10 09:37:03',1),(80,'Aeon Labs Starter Pack: 2 x Motion Sensor Gen5 1 x Z-stick S2.','ZW074','2017-04-10 09:37:17',1),(81,'Aeon Labs MultiSensor Gen5','ZW074','2017-04-10 09:37:36',1),(82,'Aeon Labs Multisensor 6 RECESSOR DSE010 by Aeon Labs','ZW100','2017-04-10 09:40:33',1),(83,'Aeotec by Aeon Labs DSE010 Multisensor 6 Recessor, Small, White by Aeon Labs','ZW100','2017-04-10 09:42:29',1),(84,'Aeon Labs Multisensor 6 - Z-Wave Plus','ZW100','2017-04-10 09:43:01',1),(85,'Aeotec by Aeon Labs DSE010 Multisensor 6 Recessor, Small, White','DSE010','2017-04-10 09:44:59',1),(86,'Aeotec by Aeon Labs DSE010 MultiSensor 6 Recessor - White','DSE010','2017-04-10 09:45:30',1),(87,'Aeotec Nano Dimmer lighting controller, Z-Wave Plus, In-wall, dimming &amp; ceiling fan switches','ZW111','2017-04-10 09:47:19',1),(88,'Aeotec by Aeon Labs ZW111-C Z-Wave Plus Nano In-Wall Dimmer Lighting Controller - White','ZW111','2017-04-10 09:48:15',1),(89,'Aeon Labs DSA38-ZWUS,Black,US,AL001 Wave Panic Button, Black, Small','DSA38','2017-04-10 09:55:50',1),(90,'Aeon Labs Panic Button Z-Wave','DSA38','2017-04-10 09:56:11',1),(91,'Aeon Labs DSA38-ZWUS,Black,US,AL001 Wave Panic Button, Black, Small by Aeon Labs','DSA38','2017-04-10 09:56:31',1),(92,'Aeon Labs Panic Button Z-Wave by Aeon Labs','DSA38','2017-04-10 09:56:48',1),(93,'Z-Wave Aeontec Panic Button, Ein-Knopf-Fernbedienung, 1 Stück, AEO_PANIC','DSA38','2017-04-10 09:57:36',1),(94,'Panic Button','DSA38','2017-04-10 09:57:54',1),(95,'Aeon Labs Range Extender 6 GEN5 - Z-WavePlus','ZW117','2017-04-10 09:59:58',1),(96,'Range Extender','ZW117','2017-04-10 10:00:26',1),(97,'AEON DSD37 Range Extender Z-Wave Repeater - White','ZW117','2017-04-10 10:00:41',1),(98,'Aeon Labs Recessed Door Sensor Gen5','ZW089','2017-04-10 10:03:35',1),(99,'Recessed Door Sensor Gen5 by Aeon Labs','ZW089','2017-04-10 10:03:53',1),(100,'Siren Gen5, ZW080-A17, by Aeotec, Cert ID: ZC10-14090012','ZW080','2017-04-10 10:05:25',1),(101,'Siren Gen5','ZW080','2017-04-10 10:05:52',1),(102,'Aeon Labs ZW099-A02 Smart Dimmer 6 Gen5, White','ZW099','2017-04-10 10:07:29',1),(103,'Z-Wave Aeontec Smart Dimmer with Energy Measurement Function and LED 6 mm (1), AEOEZW099 EU','ZW099','2017-04-10 10:08:58',1),(104,'Aeon Labs ZW099-A02 Smart Dimmer 6 Gen5, White by Aeon Labs','ZW099','2017-04-10 10:09:18',1),(105,'Aeotec by Aeon Labs ZW096 Smart Switch, Small, White','ZW096','2017-04-10 10:10:37',1),(106,'Aeon Labs Aeotec Z-Wave Smart Switch 6, Gen5 (2 Pack)','ZW096','2017-04-10 10:10:55',1),(107,'Aeon Labs Aeotec Z-Wave Smart Switch 6, Gen5 by Aeon Labs','ZW096','2017-04-10 10:11:11',1),(108,'Aeon Labs Smart Switch 6 Z-Wave Plus GEN5 ZW096-A02','ZW096','2017-04-10 10:11:28',1),(109,'Aeotec by Aeon Labs DSC11 Smart Power Strip Z-Wave Power Sockets','DSC11','2017-04-10 10:15:15',1),(110,'Aeon Labs DSC11-ZWUS,White, US,AL001 Aeotec Z-Wave Smart Energy Power Strip, White, Large by Aeon Labs','DSC11','2017-04-10 10:15:30',1),(111,'Aeon Labs Aeotec Z-Wave Smart Energy Power Strip (DSC11-ZWUS), Model: DSC11-ZWUS, Tools &amp; Outdoor Store','DSC11','2017-04-10 10:15:49',1),(112,'Aeon Labs Touch Panel One Button for Micro Switch Black AL-001 BL','AL001','2017-04-10 10:18:04',1),(113,'Aeon Labs AL001-W-US,White,US,AL001 Aeotec Z-Wave 1-Button Touch Panel for Micros, White, Small','AL001','2017-04-10 10:18:19',1),(114,'Aeon Labs AL001-B-US,Black,US,AL001 Touch Panel One Button for Micro Switch, White, Small','AL001','2017-04-10 10:18:35',1),(115,'Aeon Labs AL001-W-US,White,US,AL001 Aeotec Z-Wave 1-Button Touch Panel for Micros, White, Small by Aeon Labs','AL001','2017-04-10 10:18:52',1),(116,'Aeon Labs Touch Panel One Button for Micro Switch Black AL-001 BL by Aeon Labs','AL001','2017-04-10 10:19:29',1),(117,'Aeon Labs AL001-B-US,Black,US,AL001 Touch Panel One Button for Micro Switch, White, Small by Aeon Labs','AL001','2017-04-10 10:20:55',1),(118,'Aeotec by Aeon Labs ZW130-A WallMote Quad','ZW129','2017-04-10 10:22:08',1),(119,'Aeotec by Aeon Labs DSB45 Water Sensor, Small, White','DSB45','2017-04-10 10:23:05',1),(120,'Aeotec by Aeon Labs DSB45 Water Sensor, Small, White by Aeon Labs','DSB45','2017-04-10 10:23:40',1),(121,'Water Sensor','DSB45','2017-04-10 10:23:56',1),(122,'Aeotec by Aeon Labs ZW090 Z Stick, Small, White','ZW090','2017-04-10 10:25:04',1),(123,'Aeon Labs Aeotec Z-Wave Z-Stick, Gen5 (ZW090) by Aeon Labs','ZW090','2017-04-10 10:25:17',1),(124,'Aeon Labs USB Stick mit eingebauter Batterie GEN5 - Z-WavePlus','ZW090','2017-04-10 10:26:10',1),(125,'Z-Stick Gen5','ZW090','2017-04-10 10:26:22',1),(126,'Aeon Labs DSA02203-ZWUS Z-Wave Z-Stick Series 2 USB Dongle','DSA02203','2017-04-10 10:27:36',1),(127,'Z-Stick S2 by Aeotec','DSA02203','2017-04-10 10:28:08',1),(128,'Aeon Labs Z-Stick S2','DSA02203','2017-04-10 10:29:01',1);
/*!40000 ALTER TABLE `productlist` ENABLE KEYS */;
UNLOCK TABLES;

--
-- Table structure for table `reseller`
--

DROP TABLE IF EXISTS `reseller`;
/*!40101 SET @saved_cs_client     = @@character_set_client */;
/*!40101 SET character_set_client = utf8 */;
CREATE TABLE `reseller` (
  `id` int(11) unsigned NOT NULL AUTO_INCREMENT COMMENT '经销商列表id',
  `reseller_company_name` varchar(100) DEFAULT NULL COMMENT '经销商公司名',
  `reseller_amazon_name` varchar(100) DEFAULT NULL COMMENT '经销商亚马逊店铺名称',
  `reseller_contact_name` varchar(100) DEFAULT NULL COMMENT '联系人',
  `reseller_contact_email` varchar(100) DEFAULT NULL COMMENT '联系人email',
  `add_time` timestamp NOT NULL DEFAULT CURRENT_TIMESTAMP COMMENT '添加时间',
  `status` tinyint(1) DEFAULT '1' COMMENT '状态，1为正常，0为删除',
  PRIMARY KEY (`id`)
) ENGINE=MyISAM AUTO_INCREMENT=9 DEFAULT CHARSET=utf8 COMMENT='经销商列表';
/*!40101 SET character_set_client = @saved_cs_client */;

--
-- Dumping data for table `reseller`
--

LOCK TABLES `reseller` WRITE;
/*!40000 ALTER TABLE `reseller` DISABLE KEYS */;
INSERT INTO `reseller` VALUES (1,'','ASI Home','ASI HOME','purchasing@worthdist.com','2017-04-13 06:37:49',1),(2,'','Home Controls, Inc.','Home Controls','leia@homecontrols.com','2017-04-13 06:38:15',1),(3,'','VirVentures','Virventures','purchasing@worthdist.com','2017-04-13 06:39:05',1),(4,'','HA World Online','HA World','admin@haworldonline.com','2017-04-13 06:39:43',1),(5,'','Home Controls USA','Home Controls','leia@homecontrols.com','2017-04-13 06:40:20',1),(6,'','The Smartest House USA','The Smartest House','purchasing@worthdist.com','2017-04-13 06:41:36',1),(7,'','Z-Wave Products','Z-Wave Products','courtney@zwaveproducts.com','2017-04-13 06:42:07',1),(8,'','Crazy4bargins?','Hot Spot NY','albert@hotspotny.com','2017-04-13 06:42:35',1);
/*!40000 ALTER TABLE `reseller` ENABLE KEYS */;
UNLOCK TABLES;

--
-- Table structure for table `role`
--

DROP TABLE IF EXISTS `role`;
/*!40101 SET @saved_cs_client     = @@character_set_client */;
/*!40101 SET character_set_client = utf8 */;
CREATE TABLE `role` (
  `id` int(11) unsigned NOT NULL AUTO_INCREMENT,
  `name` varchar(45) DEFAULT NULL COMMENT '角色名称',
  `add_time` timestamp NULL DEFAULT CURRENT_TIMESTAMP COMMENT '添加时间',
  `status` tinyint(1) unsigned DEFAULT '1' COMMENT '状态0为删除，1为显示',
  PRIMARY KEY (`id`)
) ENGINE=MyISAM AUTO_INCREMENT=11 DEFAULT CHARSET=utf8 COMMENT='角色表';
/*!40101 SET character_set_client = @saved_cs_client */;

--
-- Dumping data for table `role`
--

LOCK TABLES `role` WRITE;
/*!40000 ALTER TABLE `role` DISABLE KEYS */;
INSERT INTO `role` VALUES (1,'超级管理员','2016-11-01 05:38:30',1),(2,'普通管理员','2016-11-01 07:12:29',1),(3,'经理','2016-11-01 07:12:38',1),(4,'技术总监','2016-11-01 07:40:14',1),(5,'AAA','2017-03-31 02:59:56',0),(6,'CCC','2017-03-31 03:00:02',0),(7,'XXXX','2017-03-31 03:00:07',0),(8,'ZZZZZ','2017-03-31 03:00:12',0),(9,'SCSCS','2017-03-31 03:00:18',0),(10,'Amazon administrator','2017-05-04 02:32:12',1);
/*!40000 ALTER TABLE `role` ENABLE KEYS */;
UNLOCK TABLES;

--
-- Table structure for table `role_node`
--

DROP TABLE IF EXISTS `role_node`;
/*!40101 SET @saved_cs_client     = @@character_set_client */;
/*!40101 SET character_set_client = utf8 */;
CREATE TABLE `role_node` (
  `role_id` int(11) unsigned NOT NULL DEFAULT '0' COMMENT '角色表id',
  `node_id` int(11) unsigned NOT NULL DEFAULT '0' COMMENT '节点表id'
) ENGINE=MyISAM DEFAULT CHARSET=utf8 COMMENT='角色与节点关联表';
/*!40101 SET character_set_client = @saved_cs_client */;

--
-- Dumping data for table `role_node`
--

LOCK TABLES `role_node` WRITE;
/*!40000 ALTER TABLE `role_node` DISABLE KEYS */;
INSERT INTO `role_node` VALUES (1,1),(1,2),(1,3),(1,4),(1,5),(1,6),(1,7),(1,8),(1,9),(1,10),(1,11),(1,12),(3,3),(3,4),(3,8),(3,6),(1,13),(1,14),(1,15),(1,16),(1,17),(1,18),(1,19),(1,20),(1,21),(1,22),(1,23),(1,24),(1,25),(1,26),(1,27),(1,28),(1,29),(1,30),(1,31),(1,32),(1,31),(1,36),(1,37),(2,26),(2,30),(2,9),(2,2),(2,1),(2,27),(2,28),(1,38),(1,39),(1,40),(1,41),(1,42),(1,43),(1,44),(1,45),(1,46),(1,47),(1,48),(1,49),(1,50),(1,51),(1,52),(1,53),(1,54),(1,55),(1,56),(1,57),(1,58),(1,59),(1,60),(1,61),(1,62),(1,63),(1,64),(1,65),(1,66),(1,67),(1,68),(10,49),(10,50),(10,51),(10,61),(10,62),(10,63),(10,64),(10,65),(10,68);
/*!40000 ALTER TABLE `role_node` ENABLE KEYS */;
UNLOCK TABLES;

--
-- Table structure for table `urls`
--

DROP TABLE IF EXISTS `urls`;
/*!40101 SET @saved_cs_client     = @@character_set_client */;
/*!40101 SET character_set_client = utf8 */;
CREATE TABLE `urls` (
  `id` int(11) unsigned NOT NULL AUTO_INCREMENT COMMENT 'url列表id',
  `name` varchar(3) DEFAULT 'URL' COMMENT 'url名字，默认为url',
  `url_content` varchar(150) NOT NULL COMMENT 'url链接',
  `add_time` timestamp NOT NULL DEFAULT CURRENT_TIMESTAMP ON UPDATE CURRENT_TIMESTAMP COMMENT '添加时间',
  `status` tinyint(1) DEFAULT '1' COMMENT '状态0为删除，1为正常',
  PRIMARY KEY (`id`)
) ENGINE=MyISAM AUTO_INCREMENT=77 DEFAULT CHARSET=utf8 COMMENT='url列表';
/*!40101 SET character_set_client = @saved_cs_client */;

--
-- Dumping data for table `urls`
--

LOCK TABLES `urls` WRITE;
/*!40000 ALTER TABLE `urls` DISABLE KEYS */;
INSERT INTO `urls` VALUES (1,'URL','https://www.amazon.com/Aeotec-Aeon-Labs-ZW100-Multisensor/dp/B0151Z8ZQY/ref=sr_1_1?ie=UTF8&amp;qid=1491794082&amp;sr=8-1-spons&amp;keywords=aeotec&amp','2017-04-10 03:24:22',1),(2,'URL','https://www.amazon.com/Aeotec-Aeon-Labs-ZW120-Window/dp/B01GK5D1PE/ref=sr_1_3?ie=UTF8&amp;qid=1491794082&amp;sr=8-3&amp;keywords=aeotec','2017-04-10 03:24:56',1),(3,'URL','https://www.amazon.com/Aeon-Labs-DSC26103-ZWUS-Wall-Controller/dp/B008VWBNAU/ref=sr_1_4?ie=UTF8&amp;qid=1491794082&amp;sr=8-4&amp;keywords=aeotec','2017-04-10 03:25:34',1),(4,'URL','https://www.amazon.com/Siren-Gen5-ZW080-A17-Aeotec-Cert/dp/B00PKKM2HO/ref=sr_1_5?ie=UTF8&amp;qid=1491794082&amp;sr=8-5&amp;keywords=aeotec','2017-04-10 03:26:13',1),(5,'URL','https://www.amazon.com/Aeotec-Aeon-Labs-ZW089-Recessed/dp/B0151Z49BO/ref=sr_1_6?ie=UTF8&amp;qid=1491794082&amp;sr=8-6&amp;keywords=aeotec','2017-04-10 03:26:29',1),(6,'URL','https://www.amazon.com/Aeotec-Aeon-Labs-ZW130-WallMote/dp/B01NCEJAOD/ref=sr_1_7?ie=UTF8&amp;qid=1491794082&amp;sr=8-7&amp;keywords=aeotec','2017-04-10 03:26:45',1),(7,'URL','https://www.amazon.com/Aeotec-Z-Wave-Micro-Dimmer-2nd/dp/B00IRI1CEK/ref=sr_1_8?ie=UTF8&amp;qid=1491794082&amp;sr=8-8&amp;keywords=aeotec','2017-04-10 03:27:02',1),(8,'URL','https://www.amazon.com/Aeotec-Aeon-Labs-ZW090-Stick/dp/B00X0AWA6E/ref=sr_1_9?ie=UTF8&amp;qid=1491794082&amp;sr=8-9&amp;keywords=aeotec','2017-04-10 03:27:26',1),(9,'URL','https://www.amazon.com/Aeon-Labs-AL001-W-US-White-AL001/dp/B00W7LRW6U/ref=sr_1_11?ie=UTF8&amp;qid=1491794082&amp;sr=8-11&amp;keywords=aeotec','2017-04-10 03:27:46',1),(10,'URL','https://www.amazon.com/Aeon-Labs-Aeotec-Z-Wave-Multi-Sensor/dp/B00S68NUSW/ref=sr_1_12?ie=UTF8&amp;qid=1491794082&amp;sr=8-12&amp;keywords=aeotec','2017-04-10 03:28:13',1),(11,'URL','https://www.amazon.com/Aeotec-Aeon-Labs-ZW096-Switch/dp/B00VQISOCG/ref=sr_1_13?ie=UTF8&amp;qid=1491794082&amp;sr=8-13&amp;keywords=aeotec','2017-04-10 03:28:30',1),(12,'URL','https://www.amazon.com/Aeon-Labs-DSE010-Multisensor-Recessor/dp/B017DV4OV4/ref=sr_1_14?ie=UTF8&amp;qid=1491794082&amp;sr=8-14&amp;keywords=aeotec','2017-04-10 03:28:46',1),(13,'URL','https://www.amazon.com/Aeotec-Aeon-Labs-ZW112-Window/dp/B01E0OMQR6/ref=sr_1_15?ie=UTF8&amp;qid=1491794082&amp;sr=8-15&amp;keywords=aeotec','2017-04-10 03:29:11',1),(14,'URL','https://www.amazon.com/Aeon-Labs-DSC18103-ZWUS-White-AL001/dp/B008VWAPU4/ref=sr_1_16?ie=UTF8&amp;qid=1491794082&amp;sr=8-16&amp;keywords=aeotec','2017-04-10 03:29:27',1),(15,'URL','https://www.amazon.com/Aeotec-Aeon-Labs-ZW098-Small/dp/B00VQISQW4/ref=sr_1_17?ie=UTF8&amp;qid=1491794082&amp;sr=8-17&amp;keywords=aeotec','2017-04-10 03:29:43',1),(16,'URL','https://www.amazon.com/Aeotec-Aeon-Labs-DSB45-Sensor/dp/B00H3TJ3P4/ref=sr_1_18?ie=UTF8&amp;qid=1491794082&amp;sr=8-18&amp;keywords=aeotec','2017-04-10 03:29:59',1),(17,'URL','https://www.amazon.com/Aeotec-Aeon-Labs-ZW056-Doorbell/dp/B0182XG27Q/ref=sr_1_19?ie=UTF8&amp;qid=1491794082&amp;sr=8-19&amp;keywords=aeotec','2017-04-10 03:30:15',1),(18,'URL','https://www.amazon.com/Aeotec-Aeon-Labs-DSC14014-Controller/dp/B00FL06EZ4/ref=sr_1_20?ie=UTF8&amp;qid=1491794082&amp;sr=8-20&amp;keywords=aeotec','2017-04-10 03:30:30',1),(19,'URL','https://www.amazon.com/Aeon-Labs-DSD37-ZWUS-Repeater-Aeotec/dp/B00K7QZUZM/ref=sr_1_21?ie=UTF8&amp;qid=1491794082&amp;sr=8-21&amp;keywords=aeotec','2017-04-10 03:30:45',1),(20,'URL','https://www.amazon.com/Aeotec-Aeon-Labs-Brightening-Atmosphere/dp/B01MRROSHG/ref=sr_1_22?ie=UTF8&amp;qid=1491794082&amp;sr=8-22&amp;keywords=aeotec','2017-04-10 03:31:06',1),(21,'URL','https://www.amazon.com/Aeon-Labs-AEDSB09104ZWUS-Aeotec-Monitor/dp/B00DIBSKFU/ref=sr_1_23?ie=UTF8&amp;qid=1491794082&amp;sr=8-23&amp;keywords=aeotec','2017-04-10 03:31:27',1),(22,'URL','https://www.amazon.com/Aeotec-Aeon-Labs-ZW095-Energy/dp/B00XD8WZX6/ref=sr_1_24?ie=UTF8&amp;qid=1491794082&amp;sr=8-24&amp;keywords=aeotec','2017-04-10 03:31:44',1),(23,'URL','https://www.amazon.com/Aeotec-Aeon-Labs-ZW097-Contact/dp/B0155HSUUY/ref=sr_1_25?ie=UTF8&amp;qid=1491794082&amp;sr=8-25&amp;keywords=aeotec','2017-04-10 03:32:03',1),(24,'URL','https://www.amazon.com/Aeon-Labs-Black-US-AL001/dp/B00M3NKFHA/ref=sr_1_25?ie=UTF8&amp;qid=1491795179&amp;sr=8-25&amp;keywords=aeotec','2017-04-10 03:42:20',1),(25,'URL','https://www.amazon.com/Aeon-Labs-Black-US-AL001/dp/B00M3NKFHA/ref=sr_1_25?ie=UTF8&amp;qid=1491795179&amp;sr=8-25&amp;keywords=aeotec','2017-04-10 03:47:24',0),(26,'URL','https://www.amazon.com/Aeon-Labs-Black-US-AL001/dp/B00M3NKFHA/ref=sr_1_25?ie=UTF8&amp;amp;qid=1491795179&amp;amp;sr=8-25&amp;amp;keywords=aeotec','2017-04-10 03:47:20',0),(27,'URL','https://www.amazon.com/Aeotec-Aeon-Labs-DSB28-ZWUS-Energy/dp/B0151Z3FB4/ref=sr_1_26?ie=UTF8&amp;qid=1491796055&amp;sr=8-26&amp;keywords=aeotec','2017-04-10 03:48:03',1),(28,'URL','https://www.amazon.com/Aeotec-Aeon-Labs-DSC11-Sockets/dp/B00H3RL6JW/ref=sr_1_27?ie=UTF8&amp;qid=1491796094&amp;sr=8-27&amp;keywords=aeotec','2017-04-10 03:48:35',1),(29,'URL','https://www.amazon.com/Aeotec-Aeon-Labs-ZW117-Extender/dp/B01M6CKJXC/ref=sr_1_30?ie=UTF8&amp;qid=1491796133&amp;sr=8-30&amp;keywords=aeotec','2017-04-10 03:49:18',1),(30,'URL','https://www.amazon.com/Touch-Panel-Button-Switch-AL-001/dp/B00GL6B4GG/ref=sr_1_32?ie=UTF8&amp;qid=1491796169&amp;sr=8-32&amp;keywords=aeotec','2017-04-10 03:49:42',1),(31,'URL','https://www.amazon.com/Aeon-Labs-Aeotec-Z-Wave-Z-Stick/dp/B01IU70VP8/ref=sr_1_33?ie=UTF8&amp;qid=1491796243&amp;sr=8-33&amp;keywords=aeotec','2017-04-10 03:51:25',1),(32,'URL','https://www.amazon.com/AEOTEC-Smart-Switch-Z-Wave-ZW096-A02/dp/B01N4O9PX4/ref=sr_1_34?ie=UTF8&amp;qid=1491796298&amp;sr=8-34&amp;keywords=aeotec','2017-04-10 03:52:20',1),(33,'URL','https://www.amazon.com/Aeon-Labs-White-V3-26-AL001/dp/B00MBIRF5W/ref=sr_1_38?ie=UTF8&amp;qid=1491796364&amp;sr=8-38&amp;keywords=aeotec','2017-04-10 03:52:59',1),(34,'URL','https://www.amazon.com/Aeon-Labs-DSA03202W-ZWUS-White-AL001/dp/B007J26PIS/ref=sr_1_42?ie=UTF8&amp;qid=1491796390&amp;sr=8-42&amp;keywords=aeotec','2017-04-10 03:53:28',1),(35,'URL','https://www.amazon.com/Aeon-Labs-Aeotec-Z-Wave-Switch/dp/B0113IXM4I/ref=sr_1_43?ie=UTF8&amp;qid=1491796439&amp;sr=8-43&amp;keywords=aeotec','2017-04-10 03:54:10',1),(36,'URL','https://www.amazon.com/Aeon-Labs-ZW099-A02-Smart-Dimmer/dp/B01B8CIVXQ/ref=sr_1_44?ie=UTF8&amp;qid=1491796463&amp;sr=8-44&amp;keywords=aeotec','2017-04-10 03:54:32',1),(37,'URL','https://www.amazon.com/Aeotec-Aeon-Labs-DSC14014-Controller/dp/B01N1IUVAG/ref=sr_1_47?ie=UTF8&amp;qid=1491796483&amp;sr=8-47&amp;keywords=aeotec','2017-04-10 03:55:00',1),(38,'URL','https://www.amazon.com/Aeotec-Aeon-Labs-DSA03202W-Minimote/dp/B007J26P2Y/ref=sr_1_49?ie=UTF8&amp;qid=1491796608&amp;sr=8-49&amp;keywords=aeotec','2017-04-10 03:57:37',1),(39,'URL','https://www.amazon.com/Z-Stick-Gen5-ZW090-Aeotec-Cert/dp/B0151Z8AP0/ref=sr_1_52?ie=UTF8&amp;qid=1491796671&amp;sr=8-52&amp;keywords=aeotec','2017-04-10 03:58:02',1),(40,'URL','https://www.amazon.com/Aeon-Labs-Aeotec-Z-Wave-Multi-Sensor/dp/B008D5TYGU/ref=sr_1_59?ie=UTF8&amp;qid=1491796692&amp;sr=8-59&amp;keywords=aeotec','2017-04-10 03:59:17',1),(41,'URL','https://www.amazon.com/Aeon-Labs-Aeotec-Z-Wave-Window/dp/B01GOWIGMG/ref=sr_1_60?ie=UTF8&amp;qid=1491796770&amp;sr=8-60&amp;keywords=aeotec','2017-04-10 03:59:59',1),(42,'URL','https://www.amazon.com/Aeon-Labs-DSC11-ZWUS-Aeotec-Z-Wave/dp/B01IU7564O/ref=sr_1_61?ie=UTF8&amp;qid=1491796810&amp;sr=8-61&amp;keywords=aeotec','2017-04-10 04:00:27',1),(43,'URL','https://www.amazon.com/Panic-Button-DSA38-DSA38-ZWUS-Aeotec/dp/B0151Z7A0Q/ref=sr_1_63?ie=UTF8&amp;qid=1491796838&amp;sr=8-63&amp;keywords=aeotec','2017-04-10 04:00:56',1),(44,'URL','https://www.amazon.com/Micro-Switch-DSC26103-ZWUS-Aeotec-Cert/dp/B0151Z3NN4/ref=sr_1_65?ie=UTF8&amp;qid=1491796868&amp;sr=8-65&amp;keywords=aeotec','2017-04-10 04:01:43',1),(45,'URL','https://www.amazon.com/Aeon-Labs-Aeotec-DSC-17103/dp/B01NBYH8ND/ref=sr_1_66?ie=UTF8&amp;qid=1491796922&amp;sr=8-66&amp;keywords=aeotec','2017-04-10 04:02:11',1),(46,'URL','https://www.amazon.com/Aeotec-Aeon-Labs-Multisensor-Recessor/dp/B01N6I3AIJ/ref=sr_1_67?ie=UTF8&amp;qid=1491796942&amp;sr=8-67&amp;keywords=aeotec','2017-04-10 04:02:52',1),(47,'URL','https://www.amazon.com/DSC19103-ZWUS-Aeotec-Z-Wave-Energy-Dimmer/dp/B01N0HE0FU/ref=sr_1_68?ie=UTF8&amp;qid=1491796983&amp;sr=8-68&amp;keywords=aeotec','2017-04-10 04:03:11',1),(48,'URL','https://www.amazon.com/Aeon-Labs-DSA02203-ZWUS-Z-Wave-Z-Stick/dp/B003MWQ30E/ref=sr_1_69?ie=UTF8&amp;qid=1491797001&amp;sr=8-69&amp;keywords=aeotec','2017-04-10 04:03:31',1),(49,'URL','https://www.amazon.com/Smart-Switch-ZW096-A02-Aeotec-Cert/dp/B0151Z7V1E/ref=sr_1_70?ie=UTF8&amp;qid=1491797022&amp;sr=8-70&amp;keywords=aeotec','2017-04-10 04:03:52',1),(50,'URL','https://www.amazon.com/Aeotec-Aeon-Labs-Window-Sensor/dp/B01N0HDZVY/ref=sr_1_72?ie=UTF8&amp;qid=1491797042&amp;sr=8-72&amp;keywords=aeotec','2017-04-10 04:04:09',1),(51,'URL','https://www.amazon.com/Aeotec-lighting-controller-dimming-switches/dp/B06XC4CH98/ref=sr_1_73?ie=UTF8&amp;qid=1491797063&amp;sr=8-73&amp;keywords=aeote','2017-04-10 04:04:48',1),(52,'URL','https://www.amazon.com/Micro-Illuminator-DSC27103-ZWUS-Aeotec-Cert/dp/B0151Z3HDK/ref=sr_1_74?ie=UTF8&amp;qid=1491797101&amp;sr=8-74&amp;keywords=aeote','2017-04-10 04:05:11',1),(53,'URL','https://www.amazon.com/Aeon-Water-Sensor-DSB45-ZWUS-Aeotec/dp/B0151YXTO8/ref=sr_1_75?ie=UTF8&amp;qid=1491797131&amp;sr=8-75&amp;keywords=aeotec','2017-04-10 04:05:38',1),(54,'URL','https://www.amazon.com/Aeon-Labs-DSC25-ZWUS-White-AL001/dp/B00H5U40L8/ref=sr_1_76?ie=UTF8&amp;qid=1491797150&amp;sr=8-76&amp;keywords=aeotec','2017-04-10 04:05:58',1),(55,'URL','https://www.amazon.com/Aeon-Labs-DSC06106-ZWUS-Z-Wave-Energy/dp/B007UZH7B8/ref=sr_1_77?ie=UTF8&amp;qid=1491797168&amp;sr=8-77&amp;keywords=aeotec','2017-04-10 04:06:14',1),(56,'URL','https://www.amazon.com/Aeon-Labs-Aeotec-Z-Wave-2pack/dp/B00R3AUZK0/ref=sr_1_78?ie=UTF8&amp;qid=1491797185&amp;sr=8-78&amp;keywords=aeotec','2017-04-10 04:06:32',1),(57,'URL','https://www.amazon.com/Aeon-Labs-DSC27103-ZWUS-Aeotec-Dsc27103-Zwus/dp/B01LYHSGV0/ref=sr_1_79?ie=UTF8&amp;qid=1491797204&amp;sr=8-79&amp;keywords=aeot','2017-04-10 04:07:01',1),(58,'URL','https://www.amazon.com/Aeotec-Recessed-ZW089%C3%82-%C3%82-C-Aeon-Labs/dp/B01HR43B0W/ref=sr_1_80?ie=UTF8&amp;qid=1491797232&amp;sr=8-80&amp;keywords=ae','2017-04-10 04:07:19',1),(59,'URL','https://www.amazon.com/Gen5-ZW088-Aeotec-Cert-ZC10-14120003/dp/B0151Z41U8/ref=sr_1_81?ie=UTF8&amp;qid=1491797253&amp;sr=8-81&amp;keywords=aeotec','2017-04-10 04:07:44',1),(60,'URL','https://www.amazon.com/Aeotec-Aeon-Labs-Window-Sensor/dp/B01MSPN4DD/ref=sr_1_82?ie=UTF8&amp;qid=1491797307&amp;sr=8-82&amp;keywords=aeotec','2017-04-10 04:08:48',1),(61,'URL','https://www.amazon.com/Aeotec-Aeon-Labs-Recessed-Sensor/dp/B01N44GBJR/ref=sr_1_83?ie=UTF8&amp;qid=1491797338&amp;sr=8-83&amp;keywords=aeotec','2017-04-10 04:09:18',1),(62,'URL','https://www.amazon.com/Home-Energy-Meter-DSB28-ZWUS-Aeotec/dp/B01M12CHN7/ref=sr_1_84?ie=UTF8&amp;qid=1491797368&amp;sr=8-84&amp;keywords=aeotec','2017-04-10 04:09:37',1),(63,'URL','https://www.amazon.com/Switch-DSC26103-ZWUS-Aeotec-pigtails-4-pack/dp/B06Y2CQ98X/ref=sr_1_85?ie=UTF8&amp;qid=1491797413&amp;sr=8-85&amp;keywords=aeote','2017-04-10 04:10:27',1),(64,'URL','https://www.amazon.com/Aeon-Labs-Aeotec-Z-Wave-DSC11-ZWUS/dp/B016T9KBF4/ref=sr_1_86?ie=UTF8&amp;qid=1491797436&amp;sr=8-86&amp;keywords=aeotec','2017-04-10 04:10:45',1),(65,'URL','https://www.amazon.com/Aeon-Labs-ZW088-Aeotec-Z-Wave/dp/B01MZ101SB/ref=sr_1_87?ie=UTF8&amp;qid=1491797454&amp;sr=8-87&amp;keywords=aeotec','2017-04-10 04:11:00',1),(66,'URL','https://www.amazon.com/Aeotec-Micro-Smart-Dimmer-DSC19103-ZWEU/dp/B01HR39S9Q/ref=sr_1_88?ie=UTF8&amp;qid=1491797471&amp;sr=8-88&amp;keywords=aeotec','2017-04-10 04:11:22',1),(67,'URL','https://www.amazon.com/Aeon-Labs-DSC25-ZWUS-Aeotec-Dsc25-Zwus/dp/B01N55FH18/ref=sr_1_89?ie=UTF8&amp;qid=1491797494&amp;sr=8-89&amp;keywords=aeotec','2017-04-10 04:11:41',1),(68,'URL','https://www.amazon.com/Energy-Meter-2E-DSB28-3P4-Z-wave-Aeotec/dp/B01N907D5O/ref=sr_1_90?ie=UTF8&amp;qid=1491797511&amp;sr=8-90&amp;keywords=aeotec','2017-04-10 04:11:59',1),(69,'URL','https://www.amazon.com/Aeotec-Aeon-Labs-DSB28-ZWUS-Energy/dp/B01NBL7YUQ/ref=sr_1_91?ie=UTF8&amp;qid=1491797529&amp;sr=8-91&amp;keywords=aeotec','2017-04-10 04:12:23',1),(70,'URL','https://www.amazon.com/Aeon-Labs-AL001-W-US-Aeotec-1-Button/dp/B01LXI1Z9P/ref=sr_1_92?ie=UTF8&amp;qid=1491797552&amp;sr=8-92&amp;keywords=aeotec','2017-04-10 04:12:39',1),(71,'URL','https://www.amazon.com/Aeotec-Aeon-Labs-DSB28-ZWUS-Energy/dp/B01MTR40OS/ref=sr_1_93?ie=UTF8&amp;qid=1491797569&amp;sr=8-93&amp;keywords=aeotec','2017-04-10 04:12:55',1),(72,'URL','https://www.amazon.com/Aeon-Labs-Aeotec-Z-Wave-Switch/dp/B01MRNYOY6/ref=sr_1_94?ie=UTF8&amp;qid=1491797586&amp;sr=8-94&amp;keywords=aeotec','2017-04-10 04:13:15',1),(73,'URL','https://www.amazon.com/Aeon-Labs-ZW088-Aeotec-Z-Wave/dp/B01M1DY8AK/ref=sr_1_95?ie=UTF8&amp;qid=1491797609&amp;sr=8-95&amp;keywords=aeotec','2017-04-10 04:13:35',1),(74,'URL','https://www.amazon.com/Aeon-Labs-Panic-Button-Z-Wave/dp/B00D3CUAMA/ref=sr_1_96?ie=UTF8&amp;qid=1491797625&amp;sr=8-96&amp;keywords=aeotec','2017-04-10 04:13:56',1),(75,'URL','https://www.amazon.com/Aeotec-Aeon-Labs-ZW096-Switch/dp/B01N2V5LKB/ref=sr_1_97?ie=UTF8&amp;qid=1491797684&amp;sr=8-97&amp;keywords=aeotec','2017-04-10 04:14:49',1),(76,'URL','https://www.amazon.com/Aeotec-KeyFob-remote-control-ZW088-C/dp/B01N75GYL5/ref=sr_1_97?ie=UTF8&amp;qid=1491797716&amp;sr=8-97&amp;keywords=aeotec','2017-04-10 04:16:45',1);
/*!40000 ALTER TABLE `urls` ENABLE KEYS */;
UNLOCK TABLES;

--
-- Table structure for table `user`
--

DROP TABLE IF EXISTS `user`;
/*!40101 SET @saved_cs_client     = @@character_set_client */;
/*!40101 SET character_set_client = utf8 */;
CREATE TABLE `user` (
  `id` int(10) unsigned NOT NULL AUTO_INCREMENT,
  `name` varchar(30) NOT NULL COMMENT '用户名',
  `nickname` varchar(30) DEFAULT NULL,
  `password` varchar(32) NOT NULL,
  `tel` varchar(11) NOT NULL,
  `email` varchar(30) DEFAULT NULL,
  `image` varchar(255) DEFAULT NULL,
  `small_image` varchar(255) DEFAULT NULL,
  `desc_` varchar(2550) DEFAULT NULL COMMENT '个人说明（description）',
  `en_desc_` varchar(2500) DEFAULT NULL COMMENT '英文描述',
  `inc` int(10) unsigned DEFAULT '0' COMMENT '登陆次数',
  `add_time` timestamp NULL DEFAULT CURRENT_TIMESTAMP COMMENT '注册时间',
  `status` tinyint(1) unsigned NOT NULL DEFAULT '1' COMMENT '是否删除，默认否',
  PRIMARY KEY (`id`)
) ENGINE=MyISAM DEFAULT CHARSET=utf8 COMMENT='用户表(user table)';
/*!40101 SET character_set_client = @saved_cs_client */;

--
-- Dumping data for table `user`
--

LOCK TABLES `user` WRITE;
/*!40000 ALTER TABLE `user` DISABLE KEYS */;
/*!40000 ALTER TABLE `user` ENABLE KEYS */;
UNLOCK TABLES;

--
-- Table structure for table `visit`
--

DROP TABLE IF EXISTS `visit`;
/*!40101 SET @saved_cs_client     = @@character_set_client */;
/*!40101 SET character_set_client = utf8 */;
CREATE TABLE `visit` (
  `id` int(11) NOT NULL AUTO_INCREMENT,
  `ip` varchar(45) DEFAULT NULL COMMENT '访问者ip',
  `area` varchar(100) DEFAULT NULL COMMENT '地区',
  `u_id` int(11) unsigned DEFAULT NULL COMMENT '访问者姓名（不存在为匿名）',
  `add_time` timestamp NULL DEFAULT CURRENT_TIMESTAMP COMMENT '上次访问时间',
  PRIMARY KEY (`id`)
) ENGINE=MyISAM DEFAULT CHARSET=utf8 COMMENT='访问记录表';
/*!40101 SET character_set_client = @saved_cs_client */;

--
-- Dumping data for table `visit`
--

LOCK TABLES `visit` WRITE;
/*!40000 ALTER TABLE `visit` DISABLE KEYS */;
/*!40000 ALTER TABLE `visit` ENABLE KEYS */;
UNLOCK TABLES;

--
-- Table structure for table `warning`
--

DROP TABLE IF EXISTS `warning`;
/*!40101 SET @saved_cs_client     = @@character_set_client */;
/*!40101 SET character_set_client = utf8 */;
CREATE TABLE `warning` (
  `id` int(11) unsigned NOT NULL AUTO_INCREMENT COMMENT '警告列表id',
  `reseller_name` varchar(100) NOT NULL COMMENT '被警告的经销商名称',
  `reseller_amazon_name` varchar(100) DEFAULT NULL COMMENT '被警告的经销商亚马逊店铺名称',
  `product_name` varchar(100) CHARACTER SET utf8mb4 DEFAULT NULL COMMENT '产品名称',
  `warning_price` varchar(20) NOT NULL COMMENT '被警告的经销商售价',
  `minimum_price` varchar(20) NOT NULL COMMENT '公司的限定最低售价',
  `add_time` timestamp NOT NULL DEFAULT CURRENT_TIMESTAMP COMMENT '被警告时间',
  `status` tinyint(1) unsigned NOT NULL DEFAULT '1',
  PRIMARY KEY (`id`)
) ENGINE=MyISAM DEFAULT CHARSET=utf8 COMMENT='经销商警告列表';
/*!40101 SET character_set_client = @saved_cs_client */;

--
-- Dumping data for table `warning`
--

LOCK TABLES `warning` WRITE;
/*!40000 ALTER TABLE `warning` DISABLE KEYS */;
/*!40000 ALTER TABLE `warning` ENABLE KEYS */;
UNLOCK TABLES;

--
-- Table structure for table `web`
--

DROP TABLE IF EXISTS `web`;
/*!40101 SET @saved_cs_client     = @@character_set_client */;
/*!40101 SET character_set_client = utf8 */;
CREATE TABLE `web` (
  `id` int(11) unsigned NOT NULL AUTO_INCREMENT,
  `name` varchar(100) DEFAULT NULL COMMENT 'title，网站名称',
  `en_name` varchar(100) DEFAULT NULL COMMENT '网站英文名',
  `icon` varchar(100) DEFAULT NULL COMMENT '顶部导航拦图标路径',
  `logo` varchar(100) DEFAULT NULL COMMENT 'logo',
  `image` varchar(100) DEFAULT NULL COMMENT '微信二维码',
  `img` varchar(100) DEFAULT NULL COMMENT '关于我们的图片',
  `company_profile` varchar(2500) DEFAULT NULL COMMENT '公司简介中文',
  `en_company_profile` longtext COMMENT '公司英文简介',
  `keywords` varchar(1000) DEFAULT NULL COMMENT '网站关键字',
  `en_keywords` varchar(1500) DEFAULT NULL COMMENT 'SEO关键字英文',
  `desc_` varchar(2500) DEFAULT NULL COMMENT '网站描述',
  `en_desc_` mediumtext COMMENT '网站描述英文',
  `tel` varchar(15) DEFAULT NULL COMMENT '联系电话',
  `tel_1` varchar(15) DEFAULT NULL COMMENT '电话1',
  `tel_2` varchar(15) DEFAULT NULL COMMENT '电话3',
  `weburl` varchar(45) DEFAULT NULL COMMENT '网址',
  `weburl_2` varchar(45) DEFAULT NULL COMMENT '网址',
  `email` varchar(60) DEFAULT NULL COMMENT '联系邮箱',
  `address` varchar(255) DEFAULT NULL COMMENT '地址',
  `en_address` mediumtext COMMENT '地址英文',
  `copyright` varchar(300) DEFAULT NULL COMMENT '底部版权信息',
  `en_copyright` mediumtext COMMENT '底部版权信息英文',
  `add_time` timestamp NULL DEFAULT CURRENT_TIMESTAMP COMMENT '添加时间',
  `status` tinyint(1) unsigned DEFAULT '1' COMMENT '状态，1为使用中，2为未使用，0为删除',
  PRIMARY KEY (`id`)
) ENGINE=MyISAM AUTO_INCREMENT=2 DEFAULT CHARSET=utf8 COMMENT='wangzha网站信息表';
/*!40101 SET character_set_client = @saved_cs_client */;

--
-- Dumping data for table `web`
--

LOCK TABLES `web` WRITE;
/*!40000 ALTER TABLE `web` DISABLE KEYS */;
INSERT INTO `web` VALUES (1,'丰唐物联www.fantem.cn','fantem','','title/2016-10-13/57ff28063c778.png','title/2016-10-13/57ff541e6261c.jpg',NULL,NULL,NULL,'Fantem,fantem,丰唐物联,丰唐','Fantem,fantem,','Fantem,fantem,丰唐物联,丰唐','Fantem,fantem,丰唐物联,丰唐','',NULL,NULL,NULL,NULL,'','','','丰唐物联内网平台，是由我们自己打造的属于我们的信息平台。这里提供公司相关的新闻公告，内部通知，活动信息，以及各种通用及部门专用的培训资料。','Tang\'s intranet platform, to create our own information platform belongs to us. Here to provide information related to the company\'s announcement, internal information, activity information, as well as a variety of general and departmental training materials','2016-10-26 03:34:27',1);
/*!40000 ALTER TABLE `web` ENABLE KEYS */;
UNLOCK TABLES;
/*!40103 SET TIME_ZONE=@OLD_TIME_ZONE */;

/*!40101 SET SQL_MODE=@OLD_SQL_MODE */;
/*!40014 SET FOREIGN_KEY_CHECKS=@OLD_FOREIGN_KEY_CHECKS */;
/*!40014 SET UNIQUE_CHECKS=@OLD_UNIQUE_CHECKS */;
/*!40101 SET CHARACTER_SET_CLIENT=@OLD_CHARACTER_SET_CLIENT */;
/*!40101 SET CHARACTER_SET_RESULTS=@OLD_CHARACTER_SET_RESULTS */;
/*!40101 SET COLLATION_CONNECTION=@OLD_COLLATION_CONNECTION */;
/*!40111 SET SQL_NOTES=@OLD_SQL_NOTES */;

-- Dump completed on 2017-05-05 10:27:01
